{"stats":{"minecraft:custom":{"minecraft:mob_kills":103,"minecraft:interact_with_crafting_table":32,"minecraft:open_barrel":1,"minecraft:damage_dealt_resisted":22,"minecraft:leave_game":5,"minecraft:time_since_death":343,"minecraft:climb_one_cm":1074,"minecraft:sprint_one_cm":1014228,"minecraft:walk_one_cm":960044,"minecraft:drop":79,"minecraft:damage_dealt_absorbed":30,"minecraft:play_time":187033,"minecraft:sneak_time":1914,"minecraft:deaths":7,"minecraft:walk_under_water_one_cm":40581,"minecraft:jump":3409,"minecraft:walk_on_water_one_cm":63761,"minecraft:total_world_time":187033,"minecraft:interact_with_furnace":52,"minecraft:interact_with_stonecutter":1,"minecraft:time_since_rest":375,"minecraft:waystone_activated":3,"minecraft:damage_taken":4630,"minecraft:damage_dealt":13234,"minecraft:player_kills":1,"minecraft:swim_one_cm":106821,"minecraft:fly_one_cm":1246989,"minecraft:open_chest":17,"minecraft:crouch_one_cm":6779,"minecraft:fall_one_cm":80977},"minecraft:used":{"minecraft:stone_sword":14,"minecraft:iron_shovel":122,"minecraft:flint_and_steel":17,"minecraft:stone":1,"minecraft:iron_sword":124,"minecraft:cooked_salmon":8,"minecraft:torch":73,"minecraft:dirt":46,"minecraft:granite":1,"minecraft:iron_axe":411,"ars_nouveau:source_berry":113,"minecraft:sweet_berries":16,"minecraft:furnace":14,"minecraft:egg":1,"minecraft:cooked_beef":2,"minecraft:potato":13,"minecraft:cobbled_deepslate":28,"minecraft:cooked_mutton":16,"epicfight:skillbook":3,"minecraft:baked_potato":3,"biomesoplenty:fir_planks":34,"minecraft:cracked_stone_bricks":2,"minecraft:sand":17,"minecraft:crafting_table":10,"minecraft:white_bed":1,"justhammers:iron_hammer":370,"minecraft:sunflower":1,"minecraft:bread":17,"minecraft:iron_pickaxe":202,"minecraft:gravel":21,"justhammers:stone_hammer":166,"minecraft:stone_axe":60,"minecraft:cobblestone":127,"minecraft:cooked_porkchop":1,"minecraft:andesite":6,"minecraft:pumpkin_pie":1,"biomesoplenty:fir_log":10},"minecraft:broken":{"justhammers:iron_hammer":2,"justhammers:stone_hammer":2,"minecraft:iron_axe":1},"minecraft:dropped":{"minecraft:tnt":1,"minecraft:diamond":2,"grapplemod:grapplinghook":1,"minecraft:cobblestone":741,"minecraft:amethyst_block":1,"minecraft:granite":38,"minecraft:coal":14,"sophisticatedbackpacks:gold_backpack":1,"minecraft:diorite":59,"minecraft:stone_button":1,"minecraft:iron_pickaxe":3,"paraglider:paraglider":1,"minecraft:gold_ingot":4,"minecraft:stone_axe":1,"minecraft:iron_nugget":1,"ars_nouveau:wilden_spike":2,"ars_nouveau:source_berry":8,"minecraft:coarse_dirt":4,"minecraft:stone_sword":1,"minecraft:tuff":6,"justhammers:iron_hammer":2,"minecraft:pumpkin_seeds":2,"supplementaries:ash":53,"minecraft:andesite":111,"minecraft:spruce_slab":4,"minecraft:magenta_dye":2,"minecraft:black_wool":2,"epicfight:skillbook":2},"minecraft:picked_up":{"minecraft:crafting_table":9,"minecraft:charcoal":8,"minecraft:coarse_dirt":5,"minecraft:gold_block":1,"minecraft:enchanted_book":1,"minecraft:amethyst_block":1,"minecraft:string":22,"minecraft:raw_copper":3,"minecraft:cooked_salmon":5,"minecraft:birch_fence":11,"minecraft:cracked_stone_bricks":2,"minecraft:cobbled_deepslate":90,"biomesoplenty:fir_planks":28,"minecraft:beef":48,"minecraft:iron_pickaxe":2,"minecraft:spruce_slab":4,"minecraft:birch_sapling":4,"minecraft:furnace":12,"minecraft:egg":1,"minecraft:stick":3,"minecraft:raw_iron":85,"minecraft:torch":3,"sophisticatedbackpacks:backpack":1,"minecraft:spruce_fence":7,"epicfight:skillbook":1,"minecraft:stone_button":1,"minecraft:diorite":65,"minecraft:redstone":76,"minecraft:stone_sword":1,"minecraft:arrow":4,"minecraft:rotten_flesh":6,"supplementaries:ash":53,"minecraft:mutton":37,"minecraft:white_wool":23,"minecraft:cobblestone":1325,"minecraft:birch_log":30,"minecraft:lilac":1,"minecraft:andesite":190,"ars_nouveau:source_berry":127,"minecraft:leather":30,"biomesoplenty:fir_sapling":11,"biomesoplenty:fir_log":157,"ars_nouveau:wilden_wing":1,"minecraft:flint":1,"minecraft:tuff":6,"minecraft:dirt":56,"minecraft:bone":5,"minecraft:bow":2,"minecraft:wheat_seeds":2,"minecraft:raw_gold":30,"minecraft:birch_wood":63,"minecraft:iron_ingot":34,"minecraft:bamboo":15,"endrem:lost_eye":1,"minecraft:diorite_wall":2,"minecraft:sweet_berries":13,"minecraft:gravel":21,"minecraft:sand":48,"justhammers:stone_hammer":1,"minecraft:ink_sac":6,"minecraft:white_bed":1,"minecraft:spider_eye":1,"ars_nouveau:wilden_spike":3,"minecraft:oak_wood":30,"minecraft:pumpkin_seeds":2,"minecraft:diamond":4,"waystones:waystone":1,"minecraft:granite":39,"minecraft:baked_potato":7,"minecraft:emerald":5,"minecraft:coal":129,"minecraft:oak_sapling":3,"minecraft:black_wool":4,"minecraft:sunflower":1},"minecraft:crafted":{"minecraft:black_dye":5,"minecraft:oak_planks":60,"minecraft:furnace":10,"am:black_shibari":4,"minecraft:stone":4,"am:black_ropes_gag":8,"minecraft:cooked_mutton":18,"minecraft:flint_and_steel":1,"grapplemod:grapplinghook":2,"minecraft:iron_axe":2,"minecraft:chest":1,"quark:spruce_chest":1,"minecraft:magenta_dye":2,"minecraft:lead":16,"sophisticatedbackpacks:iron_backpack":3,"paraglider:paraglider":2,"sophisticatedbackpacks:backpack":1,"minecraft:crafting_table":5,"minecraft:spruce_planks":40,"minecraft:iron_sword":1,"am:white_ropes":4,"sophisticatedbackpacks:gold_backpack":2,"minecraft:birch_planks":252,"minecraft:stone_axe":1,"minecraft:air":0,"biomesoplenty:fir_planks":108,"justhammers:iron_hammer":5,"justhammers:stone_hammer":1,"minecraft:stick":116,"minecraft:iron_ingot":15,"minecraft:iron_pickaxe":4,"minecraft:iron_shovel":1,"minecraft:gold_ingot":23,"am:black_ropes":4,"minecraft:torch":100},"minecraft:mined":{"minecraft:white_bed":1,"minecraft:deepslate_diamond_ore":4,"minecraft:granite":5,"biomesoplenty:bush":3,"minecraft:stone_button":1,"minecraft:grass_block":18,"minecraft:spruce_fence":11,"ars_nouveau:sourceberry_bush":42,"minecraft:large_fern":6,"minecraft:furnace":13,"supplementaries:ash":25,"minecraft:gold_block":1,"minecraft:dirt_path":2,"quark:limestone":4,"minecraft:bamboo":1,"minecraft:stone":102,"minecraft:spruce_slab":9,"minecraft:podzol":10,"minecraft:crafting_table":9,"minecraft:oak_wood":43,"biomesoplenty:fir_planks":30,"heb:leaf_carpet":1,"minecraft:campfire":4,"minecraft:cobblestone":2,"minecraft:birch_wood":66,"minecraft:deepslate_gold_ore":1,"minecraft:diorite":7,"minecraft:wall_torch":1,"minecraft:amethyst_block":1,"supplementaries:urn":2,"minecraft:coarse_dirt":5,"minecraft:birch_log":30,"minecraft:sweet_berry_bush":7,"minecraft:lilac":1,"minecraft:birch_leaves":46,"biomesoplenty:fir_log":155,"minecraft:grass":16,"biomesoplenty:fir_leaves":12,"minecraft:diorite_wall":1,"minecraft:sunflower":4,"minecraft:gravel":22,"minecraft:sand":66,"minecraft:dirt":8,"minecraft:cobweb":2,"minecraft:gold_ore":7,"minecraft:oak_leaves":19,"minecraft:birch_fence":11,"minecraft:deepslate":55,"minecraft:fern":13,"biomesoplenty:reed":1},"minecraft:killed_by":{"minecraft:player":1,"ars_nouveau:wilden_stalker":2,"minecraft:skeleton":1,"minecraft:zombie":1},"minecraft:killed":{"minecraft:spider":8,"minecraft:skeleton":9,"quark:crab":1,"minecraft:drowned":1,"minecraft:squid":4,"minecraft:sheep":25,"minecraft:zombie":14,"ars_nouveau:wilden_stalker":5,"minecraft:cow":31}},"DataVersion":2975}