{"stats":{"minecraft:custom":{"minecraft:interact_with_furnace":47,"minecraft:mob_kills":44,"minecraft:interact_with_crafting_table":17,"minecraft:open_barrel":1,"minecraft:interact_with_stonecutter":1,"minecraft:leave_game":2,"minecraft:time_since_death":34078,"minecraft:climb_one_cm":1074,"minecraft:time_since_rest":34110,"minecraft:waystone_activated":1,"minecraft:sprint_one_cm":725850,"minecraft:damage_taken":2274,"minecraft:walk_one_cm":588681,"minecraft:drop":69,"minecraft:damage_dealt":5645,"minecraft:swim_one_cm":81542,"minecraft:player_kills":1,"minecraft:fly_one_cm":792913,"minecraft:open_chest":16,"minecraft:crouch_one_cm":3364,"minecraft:play_time":111605,"minecraft:deaths":2,"minecraft:sneak_time":679,"minecraft:walk_under_water_one_cm":22441,"minecraft:jump":2227,"minecraft:walk_on_water_one_cm":23072,"minecraft:total_world_time":111605,"minecraft:fall_one_cm":44787},"minecraft:picked_up":{"minecraft:crafting_table":6,"minecraft:lilac":1,"minecraft:andesite":190,"minecraft:leather":11,"ars_nouveau:source_berry":69,"biomesoplenty:fir_log":39,"minecraft:enchanted_book":1,"minecraft:tuff":6,"minecraft:amethyst_block":1,"minecraft:dirt":3,"minecraft:string":14,"minecraft:raw_copper":3,"minecraft:cooked_salmon":5,"minecraft:bone":3,"minecraft:cracked_stone_bricks":2,"minecraft:cobbled_deepslate":90,"minecraft:raw_gold":30,"minecraft:iron_ingot":33,"minecraft:iron_pickaxe":2,"minecraft:furnace":10,"minecraft:egg":1,"minecraft:raw_iron":85,"endrem:lost_eye":1,"minecraft:sweet_berries":13,"minecraft:torch":3,"minecraft:gravel":6,"minecraft:sand":48,"epicfight:skillbook":1,"justhammers:stone_hammer":1,"minecraft:ink_sac":6,"minecraft:diorite":59,"minecraft:white_bed":1,"minecraft:redstone":76,"ars_nouveau:wilden_spike":3,"minecraft:stone_sword":1,"minecraft:pumpkin_seeds":2,"minecraft:arrow":1,"minecraft:diamond":4,"minecraft:granite":39,"minecraft:emerald":5,"minecraft:black_wool":4,"minecraft:mutton":18,"minecraft:coal":129,"minecraft:white_wool":11,"minecraft:cobblestone":1302,"minecraft:sunflower":1},"minecraft:crafted":{"minecraft:black_dye":1,"sophisticatedbackpacks:backpack":1,"minecraft:crafting_table":2,"minecraft:spruce_planks":24,"minecraft:iron_sword":1,"minecraft:furnace":10,"minecraft:stone":4,"minecraft:stone_axe":1,"minecraft:cooked_mutton":18,"minecraft:air":0,"biomesoplenty:fir_planks":60,"justhammers:iron_hammer":4,"justhammers:stone_hammer":1,"minecraft:iron_axe":1,"minecraft:stick":84,"minecraft:iron_ingot":15,"minecraft:iron_pickaxe":2,"minecraft:iron_shovel":1,"minecraft:chest":1,"quark:spruce_chest":1,"minecraft:torch":100,"minecraft:magenta_dye":2,"sophisticatedbackpacks:iron_backpack":2},"minecraft:broken":{"justhammers:stone_hammer":2,"justhammers:iron_hammer":1},"minecraft:killed_by":{"minecraft:zombie":1},"minecraft:dropped":{"minecraft:stone_axe":1,"ars_nouveau:wilden_spike":2,"minecraft:iron_nugget":1,"ars_nouveau:source_berry":8,"minecraft:stone_sword":1,"minecraft:tnt":1,"minecraft:diamond":2,"minecraft:tuff":6,"minecraft:cobblestone":741,"minecraft:amethyst_block":1,"minecraft:granite":38,"justhammers:iron_hammer":2,"minecraft:pumpkin_seeds":2,"minecraft:coal":14,"minecraft:diorite":59,"minecraft:andesite":111,"minecraft:magenta_dye":2,"minecraft:iron_pickaxe":3,"minecraft:gold_ingot":4,"epicfight:skillbook":2,"minecraft:black_wool":2},"minecraft:killed":{"minecraft:spider":6,"minecraft:squid":4,"minecraft:sheep":13,"minecraft:skeleton":4,"minecraft:zombie":6,"ars_nouveau:wilden_stalker":2,"quark:crab":1,"minecraft:cow":4},"minecraft:used":{"minecraft:cooked_mutton":16,"epicfight:skillbook":3,"minecraft:iron_shovel":64,"minecraft:stone_sword":14,"minecraft:stone":1,"minecraft:iron_sword":49,"minecraft:cracked_stone_bricks":2,"minecraft:torch":71,"minecraft:dirt":3,"minecraft:sand":17,"minecraft:crafting_table":7,"minecraft:white_bed":1,"minecraft:granite":1,"justhammers:iron_hammer":285,"minecraft:sunflower":1,"minecraft:iron_axe":20,"minecraft:bread":17,"minecraft:iron_pickaxe":166,"minecraft:gravel":6,"justhammers:stone_hammer":166,"minecraft:stone_axe":60,"ars_nouveau:source_berry":48,"minecraft:cobblestone":127,"minecraft:sweet_berries":16,"minecraft:cooked_porkchop":1,"minecraft:furnace":12,"minecraft:andesite":6,"minecraft:pumpkin_pie":1,"minecraft:egg":1,"minecraft:cooked_beef":1,"minecraft:potato":13,"biomesoplenty:fir_log":10,"minecraft:cobbled_deepslate":28},"minecraft:mined":{"minecraft:white_bed":1,"minecraft:deepslate_diamond_ore":4,"minecraft:crafting_table":6,"minecraft:granite":5,"minecraft:grass_block":2,"minecraft:cobblestone":1,"minecraft:deepslate_gold_ore":1,"ars_nouveau:sourceberry_bush":17,"minecraft:diorite":1,"minecraft:wall_torch":1,"minecraft:amethyst_block":1,"supplementaries:urn":2,"minecraft:furnace":11,"minecraft:sweet_berry_bush":7,"minecraft:lilac":1,"biomesoplenty:fir_log":36,"minecraft:grass":11,"minecraft:dirt_path":2,"minecraft:gravel":6,"quark:limestone":4,"minecraft:sunflower":4,"minecraft:sand":66,"minecraft:cobweb":2,"minecraft:stone":78,"minecraft:gold_ore":7,"minecraft:deepslate":55,"minecraft:fern":3}},"DataVersion":2975}