{"stats":{"minecraft:custom":{"minecraft:interact_with_furnace":47,"minecraft:mob_kills":24,"minecraft:interact_with_crafting_table":15,"minecraft:open_barrel":1,"minecraft:interact_with_stonecutter":1,"minecraft:time_since_death":22805,"minecraft:climb_one_cm":1074,"minecraft:time_since_rest":22870,"minecraft:sprint_one_cm":415072,"minecraft:damage_taken":1146,"minecraft:walk_one_cm":407129,"minecraft:drop":49,"minecraft:damage_dealt":2879,"minecraft:swim_one_cm":22163,"minecraft:fly_one_cm":289929,"minecraft:open_chest":9,"minecraft:crouch_one_cm":1194,"minecraft:play_time":66416,"minecraft:deaths":1,"minecraft:sneak_time":226,"minecraft:walk_under_water_one_cm":7826,"minecraft:jump":989,"minecraft:walk_on_water_one_cm":6177,"minecraft:total_world_time":66416,"minecraft:fall_one_cm":21206},"minecraft:picked_up":{"minecraft:crafting_table":4,"minecraft:lilac":1,"minecraft:andesite":190,"ars_nouveau:source_berry":28,"biomesoplenty:fir_log":39,"minecraft:enchanted_book":1,"minecraft:tuff":6,"minecraft:amethyst_block":1,"minecraft:string":2,"minecraft:dirt":2,"minecraft:raw_copper":3,"minecraft:bone":3,"minecraft:cracked_stone_bricks":2,"minecraft:cobbled_deepslate":56,"minecraft:raw_gold":17,"minecraft:iron_ingot":33,"minecraft:iron_pickaxe":2,"minecraft:egg":1,"minecraft:furnace":10,"minecraft:raw_iron":82,"endrem:lost_eye":1,"minecraft:sweet_berries":13,"minecraft:torch":2,"justhammers:stone_hammer":1,"minecraft:ink_sac":6,"minecraft:diorite":59,"minecraft:white_bed":1,"minecraft:redstone":40,"minecraft:pumpkin_seeds":2,"minecraft:stone_sword":1,"minecraft:arrow":1,"minecraft:granite":39,"minecraft:emerald":5,"minecraft:black_wool":2,"minecraft:mutton":18,"minecraft:coal":128,"minecraft:white_wool":11,"minecraft:cobblestone":1246,"minecraft:sunflower":1},"minecraft:crafted":{"minecraft:crafting_table":2,"minecraft:spruce_planks":16,"minecraft:iron_sword":1,"minecraft:furnace":10,"minecraft:stone":4,"minecraft:stone_axe":1,"minecraft:cooked_mutton":18,"minecraft:air":0,"biomesoplenty:fir_planks":60,"justhammers:iron_hammer":4,"justhammers:stone_hammer":1,"minecraft:iron_axe":1,"minecraft:stick":84,"minecraft:iron_ingot":15,"minecraft:iron_pickaxe":2,"minecraft:torch":100,"minecraft:magenta_dye":2},"minecraft:broken":{"justhammers:stone_hammer":2,"justhammers:iron_hammer":1},"minecraft:dropped":{"minecraft:stone_axe":1,"minecraft:iron_nugget":1,"minecraft:stone_sword":1,"minecraft:cobblestone":706,"minecraft:amethyst_block":1,"minecraft:granite":38,"justhammers:iron_hammer":2,"minecraft:pumpkin_seeds":2,"minecraft:coal":14,"minecraft:diorite":27,"minecraft:andesite":111,"minecraft:magenta_dye":2,"minecraft:iron_pickaxe":3},"minecraft:killed":{"minecraft:squid":4,"minecraft:sheep":13,"minecraft:skeleton":4,"minecraft:zombie":1,"ars_nouveau:wilden_stalker":2},"minecraft:used":{"minecraft:cooked_mutton":3,"minecraft:stone_sword":14,"minecraft:stone":1,"minecraft:iron_sword":10,"minecraft:cracked_stone_bricks":2,"minecraft:torch":53,"minecraft:dirt":2,"minecraft:crafting_table":5,"minecraft:white_bed":1,"minecraft:granite":1,"justhammers:iron_hammer":249,"minecraft:sunflower":1,"minecraft:iron_axe":2,"minecraft:bread":17,"minecraft:iron_pickaxe":74,"justhammers:stone_hammer":166,"minecraft:stone_axe":60,"ars_nouveau:source_berry":6,"minecraft:cobblestone":60,"minecraft:sweet_berries":16,"minecraft:furnace":12,"minecraft:andesite":6,"minecraft:pumpkin_pie":1,"minecraft:egg":1,"minecraft:cooked_beef":1,"minecraft:potato":13,"biomesoplenty:fir_log":10},"minecraft:mined":{"minecraft:white_bed":1,"minecraft:crafting_table":4,"minecraft:granite":5,"minecraft:cobblestone":1,"minecraft:deepslate_gold_ore":1,"minecraft:diorite":1,"minecraft:wall_torch":1,"minecraft:amethyst_block":1,"supplementaries:urn":2,"minecraft:furnace":11,"minecraft:sweet_berry_bush":7,"minecraft:lilac":1,"biomesoplenty:fir_log":36,"minecraft:grass":4,"minecraft:dirt_path":2,"minecraft:sunflower":1,"minecraft:cobweb":2,"minecraft:stone":35,"minecraft:gold_ore":7,"minecraft:deepslate":14,"minecraft:fern":2}},"DataVersion":2975}