{"stats":{"minecraft:custom":{"minecraft:mob_kills":51,"minecraft:interact_with_crafting_table":19,"minecraft:open_barrel":1,"minecraft:leave_game":3,"minecraft:time_since_death":1042,"minecraft:climb_one_cm":1074,"minecraft:sprint_one_cm":741764,"minecraft:walk_one_cm":607232,"minecraft:drop":70,"minecraft:play_time":122085,"minecraft:deaths":3,"minecraft:sneak_time":726,"minecraft:walk_under_water_one_cm":35703,"minecraft:jump":2334,"minecraft:walk_on_water_one_cm":40886,"minecraft:total_world_time":122085,"minecraft:interact_with_furnace":47,"minecraft:interact_with_stonecutter":1,"minecraft:time_since_rest":1070,"minecraft:waystone_activated":2,"minecraft:damage_taken":2758,"minecraft:damage_dealt":6884,"minecraft:swim_one_cm":85319,"minecraft:fly_one_cm":836935,"minecraft:player_kills":1,"minecraft:open_chest":16,"minecraft:crouch_one_cm":3428,"minecraft:fall_one_cm":46697},"minecraft:picked_up":{"minecraft:crafting_table":7,"minecraft:gold_block":1,"minecraft:enchanted_book":1,"minecraft:amethyst_block":1,"minecraft:string":14,"minecraft:raw_copper":3,"minecraft:cooked_salmon":5,"minecraft:cracked_stone_bricks":2,"minecraft:cobbled_deepslate":90,"minecraft:iron_pickaxe":2,"minecraft:egg":1,"minecraft:furnace":10,"minecraft:raw_iron":85,"minecraft:torch":3,"epicfight:skillbook":1,"minecraft:diorite":59,"minecraft:redstone":76,"minecraft:rotten_flesh":4,"minecraft:stone_sword":1,"minecraft:arrow":1,"minecraft:mutton":18,"minecraft:cobblestone":1302,"minecraft:white_wool":11,"minecraft:lilac":1,"minecraft:andesite":190,"ars_nouveau:source_berry":69,"minecraft:leather":11,"biomesoplenty:fir_log":39,"ars_nouveau:wilden_wing":1,"minecraft:tuff":6,"minecraft:dirt":3,"minecraft:bone":3,"minecraft:raw_gold":30,"minecraft:iron_ingot":34,"endrem:lost_eye":1,"minecraft:sweet_berries":13,"minecraft:gravel":6,"minecraft:sand":48,"justhammers:stone_hammer":1,"minecraft:ink_sac":6,"minecraft:white_bed":1,"ars_nouveau:wilden_spike":3,"minecraft:pumpkin_seeds":2,"minecraft:diamond":4,"minecraft:granite":39,"minecraft:emerald":5,"minecraft:black_wool":4,"minecraft:coal":129,"minecraft:sunflower":1},"minecraft:crafted":{"minecraft:black_dye":1,"minecraft:furnace":10,"minecraft:stone":4,"minecraft:cooked_mutton":18,"minecraft:iron_axe":1,"minecraft:chest":1,"quark:spruce_chest":1,"minecraft:magenta_dye":2,"sophisticatedbackpacks:iron_backpack":2,"paraglider:paraglider":2,"sophisticatedbackpacks:backpack":1,"minecraft:crafting_table":2,"minecraft:spruce_planks":40,"minecraft:iron_sword":1,"minecraft:stone_axe":1,"minecraft:air":0,"biomesoplenty:fir_planks":60,"justhammers:iron_hammer":4,"justhammers:stone_hammer":1,"minecraft:stick":116,"minecraft:iron_pickaxe":2,"minecraft:iron_ingot":15,"minecraft:iron_shovel":1,"minecraft:gold_ingot":9,"minecraft:torch":100},"minecraft:broken":{"justhammers:iron_hammer":1,"justhammers:stone_hammer":2},"minecraft:killed_by":{"ars_nouveau:wilden_stalker":1,"minecraft:zombie":1},"minecraft:dropped":{"minecraft:tnt":1,"minecraft:diamond":2,"minecraft:cobblestone":741,"minecraft:amethyst_block":1,"minecraft:granite":38,"minecraft:coal":14,"minecraft:diorite":59,"minecraft:iron_pickaxe":3,"paraglider:paraglider":1,"minecraft:gold_ingot":4,"minecraft:stone_axe":1,"minecraft:iron_nugget":1,"ars_nouveau:wilden_spike":2,"ars_nouveau:source_berry":8,"minecraft:stone_sword":1,"minecraft:tuff":6,"justhammers:iron_hammer":2,"minecraft:pumpkin_seeds":2,"minecraft:andesite":111,"minecraft:magenta_dye":2,"epicfight:skillbook":2,"minecraft:black_wool":2},"minecraft:killed":{"minecraft:spider":6,"minecraft:skeleton":4,"quark:crab":1,"minecraft:drowned":1,"minecraft:squid":4,"minecraft:sheep":13,"minecraft:zombie":10,"ars_nouveau:wilden_stalker":3,"minecraft:cow":4},"minecraft:used":{"minecraft:stone_sword":14,"minecraft:iron_shovel":64,"minecraft:stone":1,"minecraft:iron_sword":72,"minecraft:torch":71,"minecraft:dirt":3,"minecraft:granite":1,"minecraft:iron_axe":22,"ars_nouveau:source_berry":55,"minecraft:sweet_berries":16,"minecraft:furnace":12,"minecraft:egg":1,"minecraft:cooked_beef":1,"minecraft:potato":13,"minecraft:cobbled_deepslate":28,"minecraft:cooked_mutton":16,"epicfight:skillbook":3,"minecraft:cracked_stone_bricks":2,"minecraft:sand":17,"minecraft:crafting_table":8,"minecraft:white_bed":1,"justhammers:iron_hammer":285,"minecraft:sunflower":1,"minecraft:bread":17,"minecraft:iron_pickaxe":167,"minecraft:gravel":6,"justhammers:stone_hammer":166,"minecraft:stone_axe":60,"minecraft:cobblestone":127,"minecraft:cooked_porkchop":1,"minecraft:andesite":6,"minecraft:pumpkin_pie":1,"biomesoplenty:fir_log":10},"minecraft:mined":{"minecraft:white_bed":1,"minecraft:deepslate_diamond_ore":4,"minecraft:granite":5,"minecraft:grass_block":2,"ars_nouveau:sourceberry_bush":17,"minecraft:furnace":11,"minecraft:gold_block":1,"minecraft:dirt_path":2,"quark:limestone":4,"minecraft:stone":78,"minecraft:crafting_table":7,"minecraft:cobblestone":1,"minecraft:deepslate_gold_ore":1,"minecraft:diorite":1,"minecraft:wall_torch":1,"minecraft:amethyst_block":1,"supplementaries:urn":2,"minecraft:sweet_berry_bush":7,"minecraft:lilac":1,"biomesoplenty:fir_log":36,"minecraft:grass":11,"minecraft:sunflower":4,"minecraft:gravel":6,"minecraft:sand":66,"minecraft:cobweb":2,"minecraft:gold_ore":7,"minecraft:deepslate":55,"minecraft:fern":3}},"DataVersion":2975}