{"stats":{"minecraft:custom":{"minecraft:jump":56,"minecraft:time_since_rest":6416,"minecraft:crouch_one_cm":90,"minecraft:sprint_one_cm":10136,"minecraft:play_time":6416,"minecraft:damage_taken":30,"minecraft:time_since_death":6416,"minecraft:walk_one_cm":42927,"minecraft:sneak_time":19,"minecraft:total_world_time":6416,"minecraft:interact_with_crafting_table":2,"minecraft:fall_one_cm":900,"minecraft:fly_one_cm":18140},"minecraft:picked_up":{"biomesoplenty:fir_log":39,"justhammers:stone_hammer":1,"minecraft:cobblestone":64},"minecraft:crafted":{"minecraft:stone_axe":1,"biomesoplenty:fir_planks":28,"minecraft:stick":16},"minecraft:used":{"minecraft:stone_axe":31,"biomesoplenty:fir_log":10},"minecraft:mined":{"biomesoplenty:fir_log":36}},"DataVersion":2975}