{"stats":{"minecraft:used":{"quark:indigo_corundum":2,"minecraft:dispenser":1,"minecraft:black_carpet":44,"minecraft:stone":8,"minecraft:rotten_flesh":6,"minecraft:spruce_boat":5,"minecraft:lava_bucket":27,"minecraft:grass_block":3,"minecraft:dark_oak_leaves":23,"minecraft:dark_oak_slab":127,"minecraft:stone_brick_stairs":33,"minecraft:red_stained_glass_pane":1,"minecraft:bow":81,"minecraft:sweet_berries":84,"minecraft:furnace":29,"minecraft:cooked_cod":1,"quark:blossom_ladder":5,"minecraft:egg":2,"minecraft:potato":2,"minecraft:wooden_pickaxe":59,"minecraft:golden_apple":2,"minecraft:dark_oak_trapdoor":38,"minecraft:blast_furnace":30,"biomesoplenty:fir_stairs":3,"biomesoplenty:glowing_moss_carpet":1,"minecraft:flowering_azalea_leaves":3,"minecraft:lilac":2,"quark:black_corundum_cluster":3,"minecraft:dark_oak_fence":3,"minecraft:iron_bars":5,"minecraft:torch":470,"minecraft:anvil":2,"minecraft:iron_axe":2123,"epicfight:stone_greatsword":73,"minecraft:tripwire_hook":3,"minecraft:iron_trapdoor":3,"quark:blossom_planks":1,"supplementaries:statue":1,"minecraft:cobbled_deepslate":133,"minecraft:water_bucket":27,"minecraft:cracked_stone_bricks":4,"minecraft:mossy_cobblestone":1,"justhammers:diamond_hammer":62,"minecraft:crafting_table":81,"minecraft:white_bed":5,"minecraft:campfire":8,"minecraft:spruce_log":6,"justhammers:iron_hammer":1426,"minecraft:oak_log":4,"minecraft:diamond_pickaxe":3,"majruszsdifficulty:undead_army_treasure_bag":1,"minecraft:sunflower":1,"minecraft:iron_pickaxe":3155,"quark:dark_oak_chest":12,"minecraft:cobblestone":559,"minecraft:azalea_leaves":20,"minecraft:porkchop":2,"minecraft:cooked_porkchop":32,"biomesoplenty:fir_log":26,"minecraft:jukebox":6,"minecraft:iron_shovel":308,"minecraft:shield":2,"minecraft:iron_sword":2317,"pamhc2crops:wintersquashitem":1,"biomesoplenty:fir_button":1,"minecraft:mutton":4,"minecraft:carrot":1,"minecraft:tuff":5,"minecraft:glass":52,"minecraft:cyan_terracotta":3,"mowziesmobs:naga_fang_dagger":1,"biomesoplenty:cherry_planks":2,"minecraft:lantern":30,"minecraft:blue_orchid":1,"minecraft:iron_helmet":1,"minecraft:stone_bricks":404,"minecraft:magma_block":9,"minecraft:dark_oak_stairs":37,"epicfight:skillbook":28,"minecraft:birch_leaves":21,"minecraft:oak_planks":5,"minecraft:stone_pickaxe":136,"minecraft:ender_pearl":2,"biomesoplenty:fir_planks":1,"biomesoplenty:lavender":28,"biomesoplenty:goldenrod":1,"minecraft:shears":305,"minecraft:redstone_torch":6,"waystones:waystone":5,"minecraft:lever":2,"minecraft:dark_oak_log":38,"biomesoplenty:hanging_cobweb":2,"minecraft:bread":125,"minecraft:string":5,"paraglider:kakariko_goddess_statue":2,"minecraft:iron_door":1,"minecraft:gravel":1,"minecraft:andesite":11,"minecraft:chain":7,"minecraft:experience_bottle":5,"minecraft:oak_fence":3,"minecraft:rose_bush":2,"minecraft:music_disc_otherside":3,"minecraft:flint_and_steel":6,"minecraft:spruce_planks":11,"minecraft:cooked_chicken":5,"supplementaries:sconce":2,"minecraft:dirt":60,"minecraft:cobblestone_wall":14,"minecraft:spruce_fence":3,"minecraft:granite":15,"minecraft:stone_brick_slab":135,"minecraft:dark_oak_planks":1346,"minecraft:wooden_axe":66,"quark:orange_corundum":1,"minecraft:cooked_beef":84,"minecraft:enchanted_golden_apple":1,"minecraft:cooked_mutton":21,"minecraft:amethyst_block":1,"minecraft:cobblestone_stairs":236,"minecraft:polished_andesite":3,"minecraft:baked_potato":40,"biomesoplenty:redwood_sapling":1,"minecraft:yellow_stained_glass_pane":1,"minecraft:smoker":16,"quark:violet_corundum":2,"minecraft:flower_pot":2,"minecraft:apple":11,"minecraft:stone_axe":783,"quark:black_corundum":1,"biomesoplenty:fir_door":1,"majruszsdifficulty:bandage":1,"minecraft:bucket":62,"minecraft:smooth_stone":1},"minecraft:broken":{"minecraft:shears":1,"minecraft:iron_boots":2,"minecraft:iron_leggings":2,"minecraft:iron_sword":6,"minecraft:wooden_pickaxe":1,"minecraft:iron_axe":8,"minecraft:iron_pickaxe":11,"minecraft:iron_helmet":2,"epicfight:stone_greatsword":1,"minecraft:stone_pickaxe":1,"minecraft:stone_axe":6,"minecraft:wooden_axe":1,"justhammers:iron_hammer":7},"minecraft:picked_up":{"pamhc2crops:wintersquashitem":1,"minecraft:seagrass":1,"minecraft:iron_chestplate":1,"quark:orange_corundum":1,"minecraft:creeper_head":1,"minecraft:anvil":3,"minecraft:smithing_table":2,"minecraft:lead":9,"biomesoplenty:violet":1,"minecraft:enchanted_book":1,"minecraft:amethyst_block":1,"minecraft:music_disc_cat":1,"minecraft:string":211,"minecraft:dark_oak_trapdoor":20,"dynamictrees:dark_oak_seed":102,"minecraft:gold_nugget":34,"minecraft:cobbled_deepslate":880,"minecraft:spruce_planks":5,"am:handcuffs":5,"minecraft:azalea_leaves":20,"minecraft:golden_helmet":3,"minecraft:jukebox":5,"paraglider:kakariko_goddess_statue":2,"quark:blossom_log":17,"quark:clear_shard":3,"minecraft:cyan_terracotta":3,"supplementaries:ash":83,"minecraft:iron_bars":7,"biomesoplenty:lavender":50,"minecraft:birch_log":7,"wom:diamond_staff":1,"minecraft:magma_block":13,"minecraft:feather":14,"minecraft:cooked_beef":8,"minecraft:smoker":11,"biomesoplenty:fir_sapling":143,"biomesoplenty:fir_log":634,"minecraft:flint":10,"biomesoplenty:fir_stairs":1,"minecraft:lantern":12,"minecraft:chipped_anvil":1,"quark:blossom_ladder":4,"minecraft:honeycomb":11,"sophisticatedbackpacks:iron_backpack":1,"minecraft:ink_sac":47,"ars_nouveau:wilden_horn":16,"minecraft:dark_oak_log":534,"minecraft:red_terracotta":42,"am:collar":1,"minecraft:polished_andesite":3,"minecraft:granite":220,"minecraft:bread":22,"minecraft:dark_oak_fence":2,"biomesoplenty:redwood_log":188,"minecraft:crafting_table":39,"minecraft:coarse_dirt":8,"minecraft:clay_ball":32,"minecraft:leather_leggings":2,"quark:dark_oak_chest":2,"epicfight:stray_pants":1,"minecraft:cracked_stone_bricks":17,"minecraft:music_disc_otherside":4,"minecraft:beef":133,"minecraft:iron_nugget":42,"minecraft:poppy":3,"biomesoplenty:cherry_planks":2,"quark:yellow_blossom_sapling":5,"minecraft:egg":5,"minecraft:sandstone":160,"minecraft:music_disc_mellohi":1,"sophisticatedbackpacks:backpack":2,"minecraft:carrot":2,"minecraft:redstone":479,"minecraft:prismarine_crystals":3,"minecraft:tnt":9,"minecraft:cooked_cod":3,"supplementaries:sconce":2,"minecraft:hay_block":63,"biomesoplenty:redwood_sapling":12,"minecraft:mutton":86,"minecraft:white_wool":125,"minecraft:bone_block":24,"minecraft:rail":16,"minecraft:birch_leaves":32,"minecraft:tripwire_hook":4,"biomesoplenty:fir_button":1,"majruszsdifficulty:cloth":14,"ars_nouveau:wilden_wing":11,"minecraft:oak_log":224,"minecraft:white_banner":1,"biomesoplenty:glowing_moss_carpet":1,"minecraft:apple":15,"minecraft:stone_bricks":95,"minecraft:kelp":1,"minecraft:spore_blossom":1,"minecraft:cobweb":121,"minecraft:iron_sword":3,"minecraft:dark_oak_stairs":14,"minecraft:smooth_basalt":15,"endrem:witch_pupil":1,"minecraft:dark_oak_slab":18,"minecraft:sweet_berries":60,"epicfight:stone_greatsword":2,"minecraft:gravel":299,"minecraft:spruce_sapling":67,"minecraft:spruce_log":161,"biomesoplenty:maple_sapling":80,"minecraft:stone_axe":1,"am:black_ropes":2,"minecraft:ender_pearl":9,"minecraft:black_carpet":44,"minecraft:iron_trapdoor":2,"minecraft:potion":1,"minecraft:stone_brick_stairs":5,"minecraft:raw_copper":619,"minecraft:smooth_stone_slab":1,"minecraft:purple_banner":3,"minecraft:zombie_head":1,"biomesoplenty:fir_planks":9,"minecraft:dark_oak_leaves":36,"grapplemod:grapplinghook":1,"minecraft:rose_bush":2,"minecraft:redstone_torch":4,"dynamictrees:oak_seed":5,"minecraft:iron_boots":2,"minecraft:furnace":21,"minecraft:tipped_arrow":2,"minecraft:stick":612,"am:clothes":1,"minecraft:oak_fence":4,"minecraft:torch":139,"minecraft:spruce_stairs":2,"epicfight:skillbook":37,"minecraft:porkchop":14,"minecraft:pointed_dripstone":1,"minecraft:diorite":103,"quark:blossom_planks":1,"minecraft:rotten_flesh":218,"supplementaries:antique_ink":3,"minecraft:obsidian":37,"minecraft:cobblestone":4753,"epicfight:stone_spear":2,"minecraft:lilac":2,"minecraft:andesite":377,"minecraft:golden_leggings":1,"minecraft:potato":23,"quark:black_corundum_cluster":4,"paraglider:spirit_orb":38,"minecraft:tuff":39,"supplementaries:flax_seeds":8,"minecraft:lapis_lazuli":45,"minecraft:dirt":135,"minecraft:name_tag":1,"minecraft:leather_boots":2,"minecraft:bone":149,"minecraft:bow":8,"minecraft:wheat_seeds":7,"minecraft:raw_gold":234,"minecraft:grindstone":2,"minecraft:mossy_stone_bricks":9,"minecraft:oak_planks":5,"minecraft:cooked_porkchop":19,"justhammers:iron_hammer":1,"minecraft:sand":247,"minecraft:grass_block":7,"minecraft:mossy_cobblestone":10,"minecraft:diamond":21,"minecraft:spruce_boat":4,"waystones:waystone":5,"pamhc2crops:strawberryitem":1,"pamhc2crops:waterchestnutitem":1,"minecraft:white_concrete":3,"minecraft:emerald":14,"minecraft:oak_sapling":33,"minecraft:netherrack":41,"quark:blossom_boat":2,"minecraft:charcoal":8,"minecraft:chicken":13,"minecraft:gold_block":2,"minecraft:chain":2,"supplementaries:statue":2,"quark:indigo_corundum":2,"minecraft:blue_orchid":1,"biomesoplenty:hanging_cobweb":2,"minecraft:phantom_membrane":1,"minecraft:raw_iron":737,"quark:violet_corundum":2,"minecraft:copper_ingot":1,"minecraft:flowering_azalea_leaves":3,"minecraft:dark_oak_planks":643,"minecraft:arrow":113,"kidnappers_delight:wooden_paddle":1,"minecraft:glow_ink_sac":3,"biomesoplenty:goldenrod":1,"minecraft:leather":90,"quark:music_disc_rain":1,"minecraft:gunpowder":17,"minecraft:cobblestone_wall":5,"minecraft:cobblestone_stairs":46,"quark:forgotten_hat":2,"minecraft:cooked_mutton":10,"minecraft:spruce_wood":11,"minecraft:iron_ingot":26,"dynamictrees:birch_seed":4,"sophisticatedbackpacks:diamond_backpack":1,"quark:black_corundum":1,"pamhc2crops:onionitem":1,"minecraft:chiseled_stone_bricks":4,"minecraft:stone_brick_slab":64,"minecraft:quartz":60,"minecraft:dandelion":5,"minecraft:dripstone_block":7,"minecraft:amethyst_shard":23,"minecraft:blast_furnace":30,"minecraft:white_bed":5,"minecraft:spider_eye":26,"mowziesmobs:naga_fang":9,"minecraft:pumpkin_seeds":4,"minecraft:iron_helmet":2,"minecraft:mossy_cobblestone_stairs":2,"minecraft:black_wool":2,"minecraft:coal":729,"minecraft:sunflower":2},"minecraft:custom":{"minecraft:interact_with_crafting_table":115,"minecraft:open_barrel":38,"minecraft:leave_game":14,"minecraft:time_since_death":112305,"minecraft:damage_blocked_by_shield":55,"minecraft:play_time":1437042,"minecraft:deaths":24,"minecraft:jump":16432,"minecraft:interact_with_furnace":154,"minecraft:play_record":3,"minecraft:traded_with_villager":33,"minecraft:sleep_in_bed":5,"minecraft:waystone_activated":8,"minecraft:damage_dealt":132567,"minecraft:interact_with_smoker":11,"minecraft:inspect_dispenser":6,"minecraft:interact_with_smithing_table":1,"minecraft:interact_with_anvil":7,"minecraft:damage_dealt_absorbed":312,"minecraft:sneak_time":37266,"minecraft:interact_with_blast_furnace":83,"minecraft:total_world_time":1437042,"minecraft:tune_noteblock":6,"minecraft:time_since_rest":112326,"minecraft:swim_one_cm":666681,"minecraft:fly_one_cm":6742332,"minecraft:open_chest":278,"minecraft:fall_one_cm":548474,"minecraft:damage_resisted":88,"minecraft:sprint_one_cm":5265452,"minecraft:drop":392,"minecraft:talked_to_villager":12,"minecraft:walk_on_water_one_cm":335868,"minecraft:crouch_one_cm":100021,"minecraft:mob_kills":804,"minecraft:damage_dealt_resisted":168,"minecraft:climb_one_cm":32985,"minecraft:walk_one_cm":5632041,"minecraft:walk_under_water_one_cm":562795,"minecraft:boat_one_cm":648139,"minecraft:pot_flower":2,"minecraft:interact_with_grindstone":1,"minecraft:damage_taken":20210,"minecraft:damage_absorbed":30721},"minecraft:killed_by":{"minecraft:pillager":1,"minecraft:zombie":1,"minecraft:creeper":2,"minecraft:spider":1,"minecraft:skeleton":13},"minecraft:crafted":{"minecraft:red_stained_glass_pane":8,"minecraft:black_dye":35,"minecraft:smooth_stone":13,"am:caution_duct_tape":2,"am:web":2,"minecraft:chain":5,"waystones:waystone":1,"sophisticatedbackpacks:anvil_upgrade":1,"minecraft:lever":2,"sophisticatedbackpacks:crafting_upgrade":1,"minecraft:cooked_mutton":32,"minecraft:iron_bars":16,"sophisticatedbackpacks:smelting_upgrade":2,"kidnappers_delight:wooden_paddle":1,"minecraft:iron_door":3,"minecraft:black_wool":19,"minecraft:flower_pot":2,"minecraft:emerald":21,"am:red_ball_gag":2,"minecraft:copper_ingot":117,"waystones:warp_stone":1,"minecraft:campfire":4,"am:black_ball_gag_strap":2,"quark:blossom_ladder":4,"am:steel_key":2,"minecraft:stone_brick_stairs":32,"kidnappers_delight:leather_whip":1,"minecraft:iron_pickaxe":14,"minecraft:iron_block":23,"minecraft:gold_ingot":137,"sophisticatedbackpacks:blasting_upgrade":1,"am:white_shibari":4,"mowziesmobs:naga_fang_dagger":1,"minecraft:jukebox":2,"minecraft:spyglass":1,"minecraft:iron_nugget":126,"sophisticatedbackpacks:stack_upgrade_tier_1":3,"sophisticatedbackpacks:jukebox_upgrade":1,"am:black_duct_tape":4,"minecraft:spruce_fence":3,"am:clothes":4,"minecraft:lantern":18,"minecraft:dark_oak_fence":3,"minecraft:stone_pickaxe":1,"minecraft:spruce_boat":1,"minecraft:redstone_block":34,"quark:spruce_chest":3,"am:bite_gag":1,"minecraft:dark_oak_planks":608,"minecraft:lead":12,"minecraft:wheat":459,"minecraft:coal_block":21,"am:white_ropes":8,"minecraft:yellow_stained_glass_pane":8,"sophisticatedbackpacks:gold_backpack":4,"minecraft:wooden_axe":1,"minecraft:iron_shovel":3,"minecraft:iron_leggings":3,"biomesoplenty:fir_button":1,"minecraft:white_bed":2,"minecraft:oak_planks":48,"mowziesmobs:dart":16,"minecraft:stone":12,"minecraft:cobblestone_stairs":92,"am:black_cloth_blindfold":4,"minecraft:stone_brick_slab":72,"minecraft:iron_boots":3,"minecraft:bow":4,"am:black_duct_tape_gag":1,"justhammers:diamond_hammer":1,"minecraft:chest":1,"minecraft:copper_block":11,"minecraft:stone_bricks":268,"minecraft:oak_fence":6,"minecraft:smoker":16,"sophisticatedbackpacks:backpack":6,"minecraft:arrow":224,"minecraft:crafting_table":9,"minecraft:spruce_planks":120,"minecraft:iron_helmet":4,"minecraft:wooden_pickaxe":1,"minecraft:baked_potato":29,"minecraft:gold_block":11,"sophisticatedbackpacks:upgrade_base":10,"biomesoplenty:fir_planks":104,"minecraft:dispenser":1,"minecraft:dark_oak_slab":84,"minecraft:iron_chestplate":5,"grapplemod:motorupgradeitem":1,"minecraft:diamond_pickaxe":1,"minecraft:yellow_dye":6,"minecraft:purple_dye":5,"minecraft:shield":3,"am:white_ropes_gag":12,"sophisticatedbackpacks:diamond_backpack":1,"minecraft:stick":180,"minecraft:iron_ingot":471,"am:collar":1,"minecraft:redstone_torch":2,"am:black_ropes":1,"am:collar_key":1,"minecraft:shears":2,"biomesoplenty:fir_door":3,"biomesoplenty:fir_stairs":4,"minecraft:coal":18,"minecraft:furnace":34,"minecraft:blast_furnace":5,"minecraft:piston":1,"minecraft:dark_oak_trapdoor":10,"sophisticatedbackpacks:stack_upgrade_starter_tier":3,"am:black_shibari":1,"am:gray_duct_tape":4,"minecraft:glass_pane":16,"minecraft:flint_and_steel":1,"quark:dark_oak_chest":11,"minecraft:iron_axe":7,"grapplemod:grapplinghook":4,"minecraft:cobblestone_wall":18,"sophisticatedbackpacks:stack_upgrade_tier_2":2,"sophisticatedbackpacks:iron_backpack":4,"minecraft:cooked_beef":42,"minecraft:red_dye":2,"grapplemod:baseupgradeitem":1,"am:caution_duct_tape_gag":1,"minecraft:iron_trapdoor":1,"minecraft:dark_oak_stairs":28,"am:black_blindfold_mask":4,"minecraft:iron_sword":13,"minecraft:bucket":3,"minecraft:stone_axe":6,"am:red_ball_gag_strap":2,"minecraft:air":0,"am:handcuffs":2,"justhammers:iron_hammer":12,"minecraft:black_carpet":24,"sophisticatedbackpacks:smoking_upgrade":1,"minecraft:anvil":1,"minecraft:torch":188},"minecraft:dropped":{"sophisticatedbackpacks:iron_backpack":2,"minecraft:iron_sword":2,"minecraft:cooked_beef":16,"minecraft:glow_ink_sac":3,"am:caution_duct_tape_gag":1,"minecraft:cracked_stone_bricks":5,"am:steel_key":1,"sophisticatedbackpacks:gold_backpack":1,"minecraft:emerald":6,"minecraft:dirt":4,"minecraft:yellow_dye":1,"minecraft:gold_nugget":6,"minecraft:sand":88,"minecraft:iron_pickaxe":1,"ars_nouveau:wilden_horn":8,"quark:black_corundum_cluster":1,"ars_nouveau:source_gem":2,"quark:ancient_tome":3,"minecraft:stone_axe":1,"wom:agony":1,"minecraft:iron_nugget":16,"minecraft:cobbled_deepslate":13,"minecraft:rotten_flesh":32,"justhammers:iron_hammer":2,"am:black_ropes":1,"minecraft:leather_boots":2,"am:black_duct_tape":1,"minecraft:leather_leggings":1,"ars_nouveau:wixie_shards":2,"minecraft:enchanted_book":12,"minecraft:golden_boots":1,"minecraft:iron_ingot":78,"minecraft:wheat_seeds":2,"ars_nouveau:pierce_arrow":28,"minecraft:tnt":28,"minecraft:dripstone_block":7,"biomesoplenty:lavender":1,"biomesoplenty:maple_sapling":16,"minecraft:iron_helmet":1,"minecraft:cobblestone":98,"majruszsdifficulty:soul_jar":1,"minecraft:apple":1,"minecraft:granite":3,"epicfight:stone_spear":1,"endrem:lost_eye":1,"minecraft:purple_dye":1,"am:black_blindfold_mask":5,"mowziesmobs:naga_fang_dagger":1,"minecraft:golden_apple":3,"minecraft:potion":9,"biomesoplenty:fir_door":2,"minecraft:red_dye":1,"minecraft:chipped_anvil":1,"minecraft:iron_shovel":1,"minecraft:spruce_sapling":51,"ars_nouveau:caster_tome":1,"minecraft:stone_brick_slab":1,"minecraft:smooth_stone_slab":1,"minecraft:chicken":2,"minecraft:name_tag":3,"minecraft:diamond_sword":3,"supplementaries:quiver":1,"majruszsdifficulty:bandage":7,"minecraft:spruce_planks":32,"am:black_duct_tape_gag":1,"ars_nouveau:starbuncle_shards":1,"minecraft:spider_eye":1,"minecraft:stone_bricks":4,"am:clothes":2,"minecraft:bow":3,"waystones:waystone":1,"ars_nouveau:amplify_arrow":28,"am:web":2,"am:caution_duct_tape":1,"epicfight:skillbook":33,"ars_nouveau:warp_scroll":1,"sophisticatedbackpacks:stack_upgrade_tier_2":1,"minecraft:diamond_axe":1,"wom:diamond_armbracelet":1,"minecraft:oak_log":47,"am:handcuffs":5,"biomesoplenty:fir_sapling":64,"paraglider:spirit_orb":14,"wom:diamond_staff":1,"minecraft:music_disc_13":1,"minecraft:mutton":5,"paraglider:paraglider":1,"minecraft:gold_ingot":3,"minecraft:gravel":146,"minecraft:spyglass":1,"dynamictrees:oak_seed":1,"minecraft:music_disc_otherside":1,"am:web_gag":1,"minecraft:pointed_dripstone":1,"minecraft:cooked_mutton":35,"sophisticatedbackpacks:diamond_backpack":1,"supplementaries:antique_ink":3,"sophisticatedbackpacks:smelting_upgrade":1,"minecraft:chiseled_stone_bricks":3,"supplementaries:ash":78,"minecraft:gunpowder":9,"minecraft:spruce_wood":11,"quark:forgotten_hat":2,"minecraft:arrow":193,"minecraft:quartz":120,"biomesoplenty:fir_button":1,"minecraft:splash_potion":9,"minecraft:bread":13,"minecraft:golden_helmet":4,"minecraft:mossy_cobblestone":1,"dynamictrees:dark_oak_seed":3,"grapplemod:grapplinghook":2,"minecraft:lead":4,"minecraft:spectral_arrow":2,"minecraft:stick":139,"kidnappers_delight:wooden_paddle":1,"quark:clear_shard":3,"minecraft:diorite":47,"quark:blossom_log":9,"minecraft:torch":37,"minecraft:white_concrete":3,"minecraft:iron_leggings":1,"epicfight:stone_greatsword":1,"minecraft:iron_axe":1,"minecraft:music_disc_cat":5,"minecraft:smooth_basalt":15,"minecraft:kelp":1,"minecraft:tuff":34,"minecraft:smoker":4,"am:black_ball_gag_strap":2,"minecraft:red_terracotta":42,"minecraft:filled_map":1,"minecraft:shield":1,"biomesoplenty:fir_planks":8,"minecraft:andesite":117,"minecraft:mossy_stone_bricks":4,"minecraft:golden_leggings":2,"quark:blossom_boat":2,"pamhc2crops:waterchestnutitem":1,"supplementaries:statue":1,"minecraft:music_disc_mellohi":1},"minecraft:killed":{"minecraft:cave_spider":32,"minecraft:skeleton":111,"minecraft:chicken":12,"minecraft:parrot":1,"minecraft:pillager":18,"minecraft:zombie":205,"minecraft:cow":77,"mowziesmobs:naga":15,"minecraft:husk":4,"majruszsdifficulty:cursed_armor":1,"ars_nouveau:wilden_guardian":2,"minecraft:enderman":13,"minecraft:witch":3,"minecraft:spider":56,"quark:forgotten":2,"minecraft:silverfish":5,"minecraft:piglin":7,"minecraft:pig":6,"minecraft:zombie_villager":4,"minecraft:creeper":17,"minecraft:sheep":48,"minecraft:stray":2,"minecraft:phantom":3,"ars_nouveau:summon_wolf":37,"minecraft:drowned":4,"minecraft:squid":22,"ars_nouveau:wilden_stalker":36,"ars_nouveau:wilden_hunter":25},"minecraft:mined":{"minecraft:dark_oak_planks":638,"minecraft:white_bed":6,"minecraft:obsidian":3,"minecraft:granite":45,"minecraft:spawner":18,"minecraft:magma_block":12,"minecraft:dark_oak_trapdoor":20,"minecraft:cobbled_deepslate":6,"minecraft:fire":8,"minecraft:barrel":1,"biomesoplenty:lavender":34,"biomesoplenty:violet":1,"biomesoplenty:redwood_log":190,"minecraft:small_amethyst_bud":3,"biomesoplenty:webbing":9,"quark:limestone":1,"minecraft:spruce_wood":14,"minecraft:smoker":7,"minecraft:amethyst_cluster":3,"minecraft:torch":52,"minecraft:blast_furnace":25,"minecraft:amethyst_block":1,"minecraft:chain":2,"minecraft:lilac":4,"minecraft:jukebox":5,"minecraft:stone_brick_stairs":5,"minecraft:grass":36,"dynamictrees:dark_oak_branch":217,"dynamictrees:flowering_azalea_leaves":6,"minecraft:smooth_basalt":10,"minecraft:deepslate":323,"quark:blossom_ladder":1,"minecraft:mossy_cobblestone":6,"minecraft:dark_oak_log":10,"minecraft:dark_oak_fence":2,"minecraft:kelp":1,"dynamictrees:oak_leaves":3,"minecraft:redstone_ore":10,"dynamictrees:dark_oak_leaves":46,"minecraft:andesite":22,"dynamictrees:dark_oak_root":1,"minecraft:rail":16,"minecraft:white_wool":76,"minecraft:smithing_table":2,"minecraft:lily_of_the_valley":1,"quark:dark_oak_chest":2,"minecraft:stone_brick_slab":50,"minecraft:dandelion":5,"biomesoplenty:fir_planks":1,"minecraft:campfire":4,"minecraft:tall_grass":1,"minecraft:copper_ore":81,"minecraft:deepslate_gold_ore":106,"minecraft:diorite":12,"minecraft:cobblestone_wall":5,"minecraft:spruce_log":162,"minecraft:sunflower":1,"minecraft:gravel":104,"biomesoplenty:stringy_cobweb":2,"minecraft:cobweb":207,"minecraft:stone_bricks":58,"minecraft:chipped_anvil":1,"minecraft:gold_ore":38,"minecraft:iron_trapdoor":2,"minecraft:fern":7,"minecraft:large_amethyst_bud":4,"minecraft:spruce_planks":6,"minecraft:cobblestone_stairs":39,"minecraft:budding_amethyst":7,"minecraft:grass_block":7,"minecraft:iron_ore":331,"quark:blossom_planks":1,"minecraft:black_carpet":44,"minecraft:anvil":3,"minecraft:dark_oak_stairs":14,"biomesoplenty:hanging_cobweb":4,"minecraft:iron_bars":7,"quark:indigo_corundum":2,"quark:violet_corundum":2,"minecraft:deepslate_redstone_ore":73,"minecraft:medium_amethyst_bud":2,"minecraft:clay":8,"minecraft:poppy":3,"minecraft:mushroom_stem":273,"minecraft:cobblestone":148,"minecraft:grindstone":2,"minecraft:oak_planks":5,"minecraft:wall_torch":8,"biomesoplenty:goldenrod":1,"minecraft:seagrass":1,"minecraft:dark_oak_slab":16,"dynamictrees:azalea_leaves":25,"paraglider:kakariko_goddess_statue":2,"biomesoplenty:maple_leaves":2,"dynamictrees:birch_leaves":44,"biomesoplenty:fir_log":572,"minecraft:smooth_stone_slab":2,"minecraft:oak_log":256,"minecraft:sand":218,"minecraft:dirt":42,"minecraft:dispenser":1,"minecraft:oak_leaves":56,"minecraft:dark_oak_leaves":1,"minecraft:deepslate_diamond_ore":10,"dynamictrees:birch_branch":75,"biomesoplenty:bush":2,"minecraft:spruce_leaves":6,"minecraft:hay_block":63,"minecraft:furnace":22,"quark:orange_corundum":1,"minecraft:stripped_spruce_log":1,"minecraft:gold_block":2,"minecraft:deepslate_iron_ore":104,"biomesoplenty:fir_stairs":1,"minecraft:lantern":11,"minecraft:stone":1276,"minecraft:redstone_wall_torch":2,"supplementaries:statue":1,"pamhc2crops:windygarden":3,"minecraft:oak_fence":4,"minecraft:crafting_table":39,"minecraft:rose_bush":4,"biomesoplenty:sprout":21,"quark:black_corundum":1,"minecraft:air":119,"supplementaries:urn":45,"minecraft:redstone_torch":2,"minecraft:sweet_berry_bush":22,"pamhc2crops:soggygarden":1,"minecraft:coal_ore":405,"biomesoplenty:fir_leaves":6,"biomesoplenty:redwood_leaves":2,"minecraft:cracked_stone_bricks":5,"minecraft:mossy_stone_bricks":1}},"DataVersion":2975}