{"stats":{"minecraft:custom":{"minecraft:time_since_rest":18416,"minecraft:interact_with_furnace":5,"minecraft:sprint_one_cm":157408,"minecraft:damage_taken":115,"minecraft:walk_one_cm":99795,"minecraft:mob_kills":17,"minecraft:drop":2,"minecraft:damage_dealt":1440,"minecraft:swim_one_cm":22163,"minecraft:interact_with_crafting_table":4,"minecraft:fly_one_cm":152038,"minecraft:open_chest":5,"minecraft:crouch_one_cm":90,"minecraft:play_time":18416,"minecraft:sneak_time":27,"minecraft:walk_under_water_one_cm":7826,"minecraft:jump":335,"minecraft:time_since_death":18416,"minecraft:walk_on_water_one_cm":5838,"minecraft:total_world_time":18416,"minecraft:fall_one_cm":7599},"minecraft:picked_up":{"minecraft:lilac":1,"biomesoplenty:fir_log":39,"justhammers:stone_hammer":1,"minecraft:ink_sac":6,"minecraft:white_bed":1,"minecraft:black_wool":2,"minecraft:mutton":18,"minecraft:egg":1,"minecraft:white_wool":11,"minecraft:cobblestone":64,"minecraft:sunflower":1},"minecraft:crafted":{"biomesoplenty:fir_planks":28,"minecraft:crafting_table":1,"minecraft:stick":16,"minecraft:furnace":1,"minecraft:magenta_dye":2,"minecraft:stone_axe":1,"minecraft:cooked_mutton":18,"minecraft:air":0},"minecraft:dropped":{"minecraft:magenta_dye":2},"minecraft:killed":{"minecraft:sheep":13,"minecraft:squid":4},"minecraft:used":{"minecraft:cooked_mutton":3,"minecraft:sunflower":1,"minecraft:bread":2,"minecraft:stone_axe":54,"minecraft:crafting_table":1,"minecraft:furnace":1,"minecraft:white_bed":1,"minecraft:egg":1,"biomesoplenty:fir_log":10,"minecraft:potato":13},"minecraft:mined":{"minecraft:white_bed":1,"minecraft:lilac":1,"biomesoplenty:fir_log":36,"minecraft:sunflower":1}},"DataVersion":2975}