{"stats":{"minecraft:custom":{"minecraft:time_since_rest":30416,"minecraft:interact_with_furnace":14,"minecraft:sprint_one_cm":224545,"minecraft:damage_taken":355,"minecraft:walk_one_cm":166220,"minecraft:mob_kills":18,"minecraft:drop":17,"minecraft:damage_dealt":1640,"minecraft:swim_one_cm":22163,"minecraft:interact_with_crafting_table":6,"minecraft:fly_one_cm":197805,"minecraft:open_chest":8,"minecraft:crouch_one_cm":98,"minecraft:play_time":30416,"minecraft:sneak_time":65,"minecraft:walk_under_water_one_cm":7826,"minecraft:jump":506,"minecraft:interact_with_stonecutter":1,"minecraft:time_since_death":30416,"minecraft:walk_on_water_one_cm":5838,"minecraft:total_world_time":30416,"minecraft:fall_one_cm":9873},"minecraft:picked_up":{"minecraft:crafting_table":1,"minecraft:raw_iron":6,"minecraft:lilac":1,"minecraft:sweet_berries":13,"minecraft:andesite":68,"ars_nouveau:source_berry":28,"minecraft:torch":1,"biomesoplenty:fir_log":39,"justhammers:stone_hammer":1,"minecraft:ink_sac":6,"minecraft:white_bed":1,"minecraft:dirt":2,"minecraft:stone_sword":1,"minecraft:bone":1,"minecraft:cobbled_deepslate":3,"minecraft:granite":15,"minecraft:coal":41,"minecraft:black_wool":2,"minecraft:furnace":2,"minecraft:mutton":18,"minecraft:egg":1,"minecraft:white_wool":11,"minecraft:cobblestone":605,"minecraft:sunflower":1},"minecraft:crafted":{"biomesoplenty:fir_planks":36,"justhammers:iron_hammer":2,"minecraft:crafting_table":2,"minecraft:stick":16,"minecraft:iron_ingot":6,"minecraft:furnace":1,"minecraft:torch":16,"minecraft:magenta_dye":2,"minecraft:stone_axe":1,"minecraft:cooked_mutton":18,"minecraft:air":0},"minecraft:broken":{"justhammers:stone_hammer":1},"minecraft:dropped":{"minecraft:magenta_dye":2,"justhammers:iron_hammer":1,"minecraft:coal":14},"minecraft:killed":{"minecraft:skeleton":1,"minecraft:sheep":13,"minecraft:squid":4},"minecraft:used":{"minecraft:cooked_mutton":3,"minecraft:sunflower":1,"minecraft:bread":5,"justhammers:stone_hammer":71,"minecraft:stone_axe":58,"minecraft:torch":2,"ars_nouveau:source_berry":6,"minecraft:dirt":2,"minecraft:cobblestone":3,"minecraft:sweet_berries":16,"minecraft:crafting_table":2,"minecraft:furnace":2,"minecraft:white_bed":1,"justhammers:iron_hammer":68,"minecraft:egg":1,"biomesoplenty:fir_log":10,"minecraft:potato":13},"minecraft:mined":{"minecraft:white_bed":1,"minecraft:furnace":2,"minecraft:sweet_berry_bush":7,"minecraft:lilac":1,"minecraft:crafting_table":1,"biomesoplenty:fir_log":36,"minecraft:grass":4,"minecraft:dirt_path":2,"minecraft:sunflower":1,"minecraft:fern":2}},"DataVersion":2975}