{"stats":{"minecraft:custom":{"minecraft:interact_with_furnace":22,"minecraft:mob_kills":18,"minecraft:interact_with_crafting_table":10,"minecraft:open_barrel":1,"minecraft:interact_with_stonecutter":1,"minecraft:time_since_death":42416,"minecraft:climb_one_cm":1026,"minecraft:time_since_rest":42416,"minecraft:sprint_one_cm":285580,"minecraft:damage_taken":515,"minecraft:walk_one_cm":259992,"minecraft:drop":28,"minecraft:damage_dealt":1689,"minecraft:swim_one_cm":22163,"minecraft:fly_one_cm":217377,"minecraft:open_chest":9,"minecraft:crouch_one_cm":161,"minecraft:play_time":42416,"minecraft:sneak_time":72,"minecraft:walk_under_water_one_cm":7826,"minecraft:jump":624,"minecraft:walk_on_water_one_cm":6053,"minecraft:total_world_time":42416,"minecraft:fall_one_cm":13659},"minecraft:picked_up":{"minecraft:crafting_table":2,"minecraft:lilac":1,"minecraft:andesite":160,"ars_nouveau:source_berry":28,"biomesoplenty:fir_log":39,"minecraft:enchanted_book":1,"minecraft:string":2,"minecraft:dirt":2,"minecraft:bone":1,"minecraft:cracked_stone_bricks":2,"minecraft:cobbled_deepslate":3,"minecraft:egg":1,"minecraft:furnace":2,"minecraft:raw_iron":27,"endrem:lost_eye":1,"minecraft:sweet_berries":13,"minecraft:torch":1,"justhammers:stone_hammer":1,"minecraft:ink_sac":6,"minecraft:diorite":27,"minecraft:white_bed":1,"minecraft:stone_sword":1,"minecraft:granite":36,"minecraft:black_wool":2,"minecraft:mutton":18,"minecraft:coal":51,"minecraft:white_wool":11,"minecraft:cobblestone":1011,"minecraft:sunflower":1},"minecraft:crafted":{"minecraft:crafting_table":2,"minecraft:spruce_planks":16,"minecraft:furnace":9,"minecraft:stone":4,"minecraft:stone_axe":1,"minecraft:cooked_mutton":18,"minecraft:air":0,"biomesoplenty:fir_planks":36,"justhammers:iron_hammer":3,"justhammers:stone_hammer":1,"minecraft:stick":48,"minecraft:iron_ingot":7,"minecraft:torch":16,"minecraft:magenta_dye":2},"minecraft:broken":{"justhammers:stone_hammer":2,"justhammers:iron_hammer":1},"minecraft:dropped":{"minecraft:cobblestone":192,"minecraft:granite":36,"justhammers:iron_hammer":1,"minecraft:coal":14,"minecraft:diorite":27,"minecraft:andesite":83,"minecraft:magenta_dye":2},"minecraft:killed":{"minecraft:squid":4,"minecraft:sheep":13,"minecraft:skeleton":1},"minecraft:used":{"minecraft:cooked_mutton":3,"minecraft:stone_sword":3,"minecraft:stone":1,"minecraft:torch":16,"minecraft:dirt":2,"minecraft:crafting_table":4,"minecraft:white_bed":1,"justhammers:iron_hammer":129,"minecraft:sunflower":1,"minecraft:bread":5,"justhammers:stone_hammer":166,"minecraft:stone_axe":59,"ars_nouveau:source_berry":6,"minecraft:cobblestone":28,"minecraft:sweet_berries":16,"minecraft:furnace":4,"minecraft:andesite":4,"minecraft:egg":1,"minecraft:cooked_beef":1,"minecraft:potato":13,"biomesoplenty:fir_log":10},"minecraft:mined":{"minecraft:white_bed":1,"minecraft:crafting_table":2,"minecraft:furnace":2,"minecraft:sweet_berry_bush":7,"minecraft:lilac":1,"biomesoplenty:fir_log":36,"minecraft:grass":4,"minecraft:dirt_path":2,"minecraft:sunflower":1,"minecraft:cobweb":2,"minecraft:fern":2}},"DataVersion":2975}