{"stats":{"minecraft:custom":{"minecraft:interact_with_furnace":25,"minecraft:mob_kills":21,"minecraft:interact_with_crafting_table":12,"minecraft:open_barrel":1,"minecraft:interact_with_stonecutter":1,"minecraft:time_since_death":10805,"minecraft:climb_one_cm":1026,"minecraft:time_since_rest":10870,"minecraft:sprint_one_cm":347550,"minecraft:damage_taken":870,"minecraft:walk_one_cm":337542,"minecraft:drop":42,"minecraft:damage_dealt":2239,"minecraft:swim_one_cm":22163,"minecraft:fly_one_cm":253319,"minecraft:open_chest":9,"minecraft:crouch_one_cm":167,"minecraft:play_time":54416,"minecraft:deaths":1,"minecraft:sneak_time":80,"minecraft:walk_under_water_one_cm":7826,"minecraft:jump":826,"minecraft:walk_on_water_one_cm":6177,"minecraft:total_world_time":54416,"minecraft:fall_one_cm":16762},"minecraft:picked_up":{"minecraft:crafting_table":3,"minecraft:lilac":1,"minecraft:andesite":162,"ars_nouveau:source_berry":28,"biomesoplenty:fir_log":39,"minecraft:enchanted_book":1,"minecraft:amethyst_block":1,"minecraft:string":2,"minecraft:dirt":2,"minecraft:raw_copper":3,"minecraft:bone":1,"minecraft:cracked_stone_bricks":2,"minecraft:cobbled_deepslate":25,"minecraft:raw_gold":17,"minecraft:iron_pickaxe":1,"minecraft:egg":1,"minecraft:furnace":2,"minecraft:raw_iron":65,"endrem:lost_eye":1,"minecraft:sweet_berries":13,"minecraft:torch":1,"justhammers:stone_hammer":1,"minecraft:ink_sac":6,"minecraft:diorite":29,"minecraft:white_bed":1,"minecraft:redstone":21,"minecraft:pumpkin_seeds":2,"minecraft:stone_sword":1,"minecraft:granite":39,"minecraft:emerald":5,"minecraft:black_wool":2,"minecraft:mutton":18,"minecraft:coal":72,"minecraft:white_wool":11,"minecraft:cobblestone":1168,"minecraft:sunflower":1},"minecraft:crafted":{"minecraft:crafting_table":2,"minecraft:spruce_planks":16,"minecraft:furnace":9,"minecraft:stone":4,"minecraft:stone_axe":1,"minecraft:cooked_mutton":18,"minecraft:air":0,"biomesoplenty:fir_planks":36,"justhammers:iron_hammer":3,"justhammers:stone_hammer":1,"minecraft:stick":48,"minecraft:iron_ingot":10,"minecraft:iron_pickaxe":1,"minecraft:torch":56,"minecraft:magenta_dye":2},"minecraft:broken":{"justhammers:stone_hammer":2,"justhammers:iron_hammer":1},"minecraft:dropped":{"minecraft:cobblestone":640,"minecraft:amethyst_block":1,"minecraft:granite":38,"justhammers:iron_hammer":2,"minecraft:pumpkin_seeds":2,"minecraft:coal":14,"minecraft:diorite":27,"minecraft:andesite":83,"minecraft:magenta_dye":2,"minecraft:iron_pickaxe":2},"minecraft:killed":{"minecraft:squid":4,"minecraft:sheep":13,"minecraft:skeleton":2,"minecraft:zombie":1,"ars_nouveau:wilden_stalker":1},"minecraft:used":{"minecraft:cooked_mutton":3,"minecraft:stone_sword":14,"minecraft:stone":1,"minecraft:cracked_stone_bricks":2,"minecraft:torch":30,"minecraft:dirt":2,"minecraft:crafting_table":4,"minecraft:white_bed":1,"minecraft:granite":1,"justhammers:iron_hammer":203,"minecraft:sunflower":1,"minecraft:bread":10,"minecraft:iron_pickaxe":42,"justhammers:stone_hammer":166,"minecraft:stone_axe":60,"ars_nouveau:source_berry":6,"minecraft:cobblestone":39,"minecraft:sweet_berries":16,"minecraft:furnace":4,"minecraft:andesite":6,"minecraft:egg":1,"minecraft:cooked_beef":1,"minecraft:potato":13,"biomesoplenty:fir_log":10},"minecraft:mined":{"minecraft:white_bed":1,"minecraft:crafting_table":3,"minecraft:cobblestone":1,"minecraft:deepslate_gold_ore":1,"minecraft:amethyst_block":1,"supplementaries:urn":2,"minecraft:furnace":3,"minecraft:sweet_berry_bush":7,"minecraft:lilac":1,"biomesoplenty:fir_log":36,"minecraft:grass":4,"minecraft:dirt_path":2,"minecraft:sunflower":1,"minecraft:cobweb":2,"minecraft:stone":31,"minecraft:gold_ore":7,"minecraft:fern":2}},"DataVersion":2975}