{"stats":{"minecraft:custom":{"minecraft:interact_with_furnace":34,"minecraft:mob_kills":10,"minecraft:interact_with_crafting_table":21,"minecraft:open_barrel":2,"minecraft:bell_ring":7,"minecraft:interact_with_grindstone":2,"minecraft:time_since_death":32253,"minecraft:climb_one_cm":984,"minecraft:time_since_rest":32281,"minecraft:sprint_one_cm":246125,"minecraft:damage_taken":550,"minecraft:walk_one_cm":366395,"minecraft:drop":35,"minecraft:damage_dealt":1566,"minecraft:damage_dealt_absorbed":40,"minecraft:fly_one_cm":138622,"minecraft:open_chest":8,"minecraft:crouch_one_cm":5327,"minecraft:play_time":52614,"minecraft:deaths":1,"minecraft:sneak_time":772,"minecraft:walk_under_water_one_cm":1117,"minecraft:jump":778,"minecraft:walk_on_water_one_cm":4260,"minecraft:total_world_time":52614,"minecraft:fall_one_cm":12947},"minecraft:picked_up":{"minecraft:crafting_table":1,"minecraft:feather":9,"minecraft:andesite":105,"minecraft:leather":4,"minecraft:wooden_pickaxe":1,"biomesoplenty:fir_log":9,"minecraft:amethyst_block":23,"minecraft:dirt":30,"minecraft:raw_copper":49,"minecraft:bone":4,"minecraft:cracked_stone_bricks":4,"minecraft:spruce_wood":4,"minecraft:beef":10,"minecraft:rose_bush":8,"minecraft:calcite":12,"minecraft:furnace":6,"minecraft:smooth_basalt":9,"minecraft:raw_iron":42,"minecraft:stone":1,"minecraft:sweet_berries":13,"quark:shale":18,"minecraft:torch":3,"justhammers:iron_hammer":1,"minecraft:diorite":9,"minecraft:spruce_log":6,"minecraft:redstone":81,"minecraft:arrow":4,"minecraft:emerald":12,"minecraft:coal":62,"minecraft:rail":1,"minecraft:cobblestone":1099},"minecraft:crafted":{"minecraft:cooked_beef":10,"minecraft:crafting_table":3,"minecraft:spruce_planks":40,"minecraft:wooden_pickaxe":1,"minecraft:furnace":3,"minecraft:stone":9,"minecraft:air":0,"biomesoplenty:fir_planks":4,"justhammers:iron_hammer":1,"justhammers:stone_hammer":2,"minecraft:stick":40,"minecraft:iron_ingot":4,"minecraft:stone_sword":1,"quark:spruce_chest":1,"minecraft:torch":80},"minecraft:broken":{"justhammers:stone_hammer":1,"justhammers:iron_hammer":1},"minecraft:killed_by":{"ars_nouveau:wilden_guardian":1},"minecraft:dropped":{"biomesoplenty:fir_log":4,"minecraft:enchanted_book":1,"minecraft:raw_iron":6,"minecraft:feather":12,"minecraft:cobblestone":520,"endrem:lost_eye":1,"minecraft:cracked_stone_bricks":2,"minecraft:activator_rail":3,"quark:shale":12,"minecraft:coal":7,"justhammers:stone_hammer":1,"minecraft:dirt":30,"minecraft:stone":4,"minecraft:andesite":102,"minecraft:rose_bush":8,"minecraft:wooden_pickaxe":1},"minecraft:killed":{"minecraft:skeleton":3,"minecraft:zombie":1,"minecraft:cow":6},"minecraft:used":{"minecraft:stone_sword":24,"quark:shale":6,"minecraft:wooden_pickaxe":22,"minecraft:torch":57,"minecraft:crafting_table":4,"justhammers:iron_hammer":203,"quark:spruce_chest":1,"minecraft:bread":2,"justhammers:stone_hammer":112,"minecraft:cobblestone":75,"minecraft:sweet_berries":7,"minecraft:furnace":7,"minecraft:cooked_beef":5},"minecraft:mined":{"minecraft:spruce_planks":2,"minecraft:crafting_table":1,"minecraft:grass_block":4,"minecraft:rose_bush":4,"minecraft:furnace":6,"minecraft:sweet_berry_bush":1,"minecraft:lilac":1,"minecraft:spruce_log":6,"biomesoplenty:fir_log":9,"minecraft:grass":4,"minecraft:dirt":6,"minecraft:spruce_wood":4,"minecraft:stone":14,"minecraft:fern":1}},"DataVersion":2975}