{"stats":{"minecraft:custom":{"minecraft:interact_with_furnace":38,"minecraft:mob_kills":16,"minecraft:interact_with_crafting_table":28,"minecraft:open_barrel":3,"minecraft:bell_ring":7,"minecraft:interact_with_grindstone":2,"minecraft:time_since_death":5566,"minecraft:climb_one_cm":984,"minecraft:time_since_rest":5591,"minecraft:sprint_one_cm":396789,"minecraft:damage_taken":1383,"minecraft:walk_one_cm":541191,"minecraft:drop":63,"minecraft:damage_dealt":2545,"minecraft:damage_dealt_absorbed":40,"minecraft:fly_one_cm":207058,"minecraft:open_chest":10,"minecraft:crouch_one_cm":10413,"minecraft:play_time":76614,"minecraft:deaths":3,"minecraft:sneak_time":1708,"minecraft:walk_under_water_one_cm":1117,"minecraft:jump":1164,"minecraft:walk_on_water_one_cm":4260,"minecraft:total_world_time":76614,"minecraft:fall_one_cm":20797},"minecraft:picked_up":{"cataclysm:void_scatter_arrow":3,"minecraft:crafting_table":3,"minecraft:feather":9,"minecraft:andesite":122,"minecraft:leather":4,"minecraft:wooden_pickaxe":1,"biomesoplenty:fir_log":9,"minecraft:potion":1,"ars_nouveau:wilden_wing":1,"minecraft:flint":6,"supplementaries:rope_arrow":3,"minecraft:tuff":5,"supplementaries:flax_seeds":1,"minecraft:gunpowder":1,"minecraft:amethyst_block":23,"minecraft:lapis_lazuli":29,"minecraft:string":6,"minecraft:dirt":39,"minecraft:raw_copper":49,"minecraft:bone":8,"minecraft:cobbled_deepslate":14,"quark:spruce_chest":1,"minecraft:cracked_stone_bricks":4,"minecraft:detector_rail":6,"minecraft:spruce_planks":10,"minecraft:iron_ingot":1,"minecraft:spruce_wood":4,"minecraft:beef":10,"minecraft:rose_bush":8,"minecraft:calcite":12,"minecraft:iron_pickaxe":2,"minecraft:powered_rail":12,"minecraft:furnace":8,"minecraft:stick":5,"minecraft:tipped_arrow":1,"minecraft:smooth_basalt":9,"minecraft:raw_iron":112,"minecraft:stone":1,"minecraft:sweet_berries":21,"quark:shale":18,"minecraft:torch":5,"justhammers:iron_hammer":2,"minecraft:diorite":23,"minecraft:spruce_log":6,"minecraft:redstone":174,"minecraft:spectral_arrow":6,"minecraft:arrow":10,"minecraft:granite":15,"minecraft:emerald":15,"supplementaries:ash":3,"minecraft:snowball":35,"minecraft:coal":88,"minecraft:rail":5,"minecraft:cobblestone":1661},"minecraft:crafted":{"minecraft:cooked_beef":10,"sophisticatedbackpacks:backpack":1,"minecraft:crafting_table":5,"minecraft:spruce_planks":40,"minecraft:wooden_pickaxe":1,"minecraft:furnace":4,"minecraft:stone":9,"minecraft:air":0,"biomesoplenty:fir_planks":4,"justhammers:iron_hammer":2,"justhammers:stone_hammer":2,"minecraft:stick":44,"minecraft:iron_ingot":13,"minecraft:stone_sword":1,"quark:spruce_chest":1,"minecraft:torch":80},"minecraft:broken":{"justhammers:stone_hammer":1,"justhammers:iron_hammer":2},"minecraft:killed_by":{"minecraft:skeleton":1,"ars_nouveau:wilden_guardian":1},"minecraft:dropped":{"biomesoplenty:fir_log":4,"minecraft:enchanted_book":1,"minecraft:detector_rail":4,"minecraft:raw_iron":6,"minecraft:feather":12,"minecraft:cobblestone":917,"minecraft:spectral_arrow":4,"endrem:lost_eye":1,"minecraft:cracked_stone_bricks":4,"minecraft:activator_rail":3,"quark:shale":12,"minecraft:rail":2,"minecraft:coal":7,"minecraft:flint":4,"justhammers:stone_hammer":1,"minecraft:dirt":30,"minecraft:stone":4,"supplementaries:rope_arrow":2,"minecraft:diorite":2,"minecraft:andesite":104,"minecraft:rose_bush":8,"cataclysm:void_scatter_arrow":2,"minecraft:powered_rail":8,"minecraft:wooden_pickaxe":1,"minecraft:iron_pickaxe":1,"minecraft:smooth_basalt":9},"minecraft:killed":{"minecraft:spider":1,"minecraft:creeper":2,"minecraft:skeleton":3,"minecraft:zombie":2,"ars_nouveau:wilden_stalker":2,"minecraft:cow":6},"minecraft:used":{"minecraft:diorite":3,"minecraft:amethyst_block":1,"minecraft:stone_sword":48,"quark:shale":6,"minecraft:wooden_pickaxe":22,"minecraft:torch":98,"minecraft:crafting_table":6,"minecraft:granite":15,"justhammers:iron_hammer":328,"quark:spruce_chest":1,"minecraft:bread":3,"minecraft:iron_pickaxe":85,"justhammers:stone_hammer":112,"minecraft:cobblestone":130,"minecraft:sweet_berries":15,"minecraft:furnace":9,"minecraft:cooked_beef":8},"minecraft:mined":{"minecraft:spruce_planks":9,"minecraft:crafting_table":3,"minecraft:glow_lichen":1,"minecraft:grass_block":4,"minecraft:rose_bush":4,"minecraft:wall_torch":1,"supplementaries:urn":2,"minecraft:furnace":7,"minecraft:iron_ore":25,"minecraft:sweet_berry_bush":1,"minecraft:lilac":1,"minecraft:spruce_log":6,"biomesoplenty:fir_log":9,"minecraft:grass":4,"minecraft:deepslate_iron_ore":1,"quark:spruce_chest":1,"minecraft:dirt":9,"minecraft:packed_ice":1,"minecraft:cobweb":4,"minecraft:spruce_wood":4,"minecraft:stone":61,"minecraft:fern":1}},"DataVersion":2975}