{"stats":{"minecraft:custom":{"minecraft:interact_with_furnace":35,"minecraft:mob_kills":13,"minecraft:interact_with_crafting_table":22,"minecraft:open_barrel":3,"minecraft:bell_ring":7,"minecraft:interact_with_grindstone":2,"minecraft:time_since_death":1245,"minecraft:climb_one_cm":984,"minecraft:time_since_rest":1271,"minecraft:sprint_one_cm":341385,"minecraft:damage_taken":906,"minecraft:walk_one_cm":455812,"minecraft:drop":60,"minecraft:damage_dealt":2165,"minecraft:damage_dealt_absorbed":40,"minecraft:fly_one_cm":188233,"minecraft:open_chest":10,"minecraft:crouch_one_cm":6951,"minecraft:play_time":64614,"minecraft:deaths":2,"minecraft:sneak_time":1021,"minecraft:walk_under_water_one_cm":1117,"minecraft:jump":934,"minecraft:walk_on_water_one_cm":4260,"minecraft:total_world_time":64614,"minecraft:fall_one_cm":15294},"minecraft:picked_up":{"cataclysm:void_scatter_arrow":3,"minecraft:crafting_table":1,"minecraft:feather":9,"minecraft:andesite":107,"minecraft:leather":4,"minecraft:wooden_pickaxe":1,"biomesoplenty:fir_log":9,"minecraft:potion":1,"minecraft:flint":6,"supplementaries:rope_arrow":3,"minecraft:amethyst_block":23,"minecraft:string":4,"minecraft:dirt":30,"minecraft:raw_copper":49,"minecraft:bone":8,"quark:spruce_chest":1,"minecraft:cracked_stone_bricks":4,"minecraft:detector_rail":6,"minecraft:spruce_planks":4,"minecraft:iron_ingot":1,"minecraft:spruce_wood":4,"minecraft:beef":10,"minecraft:rose_bush":8,"minecraft:calcite":12,"minecraft:iron_pickaxe":1,"minecraft:powered_rail":12,"minecraft:furnace":7,"minecraft:stick":5,"minecraft:tipped_arrow":1,"minecraft:smooth_basalt":9,"minecraft:raw_iron":75,"minecraft:stone":1,"minecraft:sweet_berries":21,"quark:shale":18,"minecraft:torch":4,"justhammers:iron_hammer":2,"minecraft:diorite":20,"minecraft:spruce_log":6,"minecraft:redstone":174,"minecraft:spectral_arrow":6,"minecraft:arrow":10,"minecraft:granite":15,"minecraft:emerald":15,"minecraft:snowball":35,"minecraft:coal":85,"minecraft:rail":5,"minecraft:cobblestone":1380},"minecraft:crafted":{"minecraft:cooked_beef":10,"sophisticatedbackpacks:backpack":1,"minecraft:crafting_table":4,"minecraft:spruce_planks":40,"minecraft:wooden_pickaxe":1,"minecraft:furnace":3,"minecraft:stone":9,"minecraft:air":0,"biomesoplenty:fir_planks":4,"justhammers:iron_hammer":1,"justhammers:stone_hammer":2,"minecraft:stick":40,"minecraft:iron_ingot":4,"minecraft:stone_sword":1,"quark:spruce_chest":1,"minecraft:torch":80},"minecraft:broken":{"justhammers:stone_hammer":1,"justhammers:iron_hammer":1},"minecraft:killed_by":{"minecraft:skeleton":1,"ars_nouveau:wilden_guardian":1},"minecraft:dropped":{"biomesoplenty:fir_log":4,"minecraft:enchanted_book":1,"minecraft:detector_rail":4,"minecraft:raw_iron":6,"minecraft:feather":12,"minecraft:cobblestone":778,"minecraft:spectral_arrow":4,"endrem:lost_eye":1,"minecraft:cracked_stone_bricks":4,"minecraft:activator_rail":3,"quark:shale":12,"minecraft:rail":2,"minecraft:coal":7,"minecraft:flint":4,"justhammers:stone_hammer":1,"minecraft:dirt":30,"minecraft:stone":4,"supplementaries:rope_arrow":2,"minecraft:diorite":2,"minecraft:andesite":104,"minecraft:rose_bush":8,"cataclysm:void_scatter_arrow":2,"minecraft:powered_rail":8,"minecraft:wooden_pickaxe":1,"minecraft:iron_pickaxe":1,"minecraft:smooth_basalt":9},"minecraft:killed":{"minecraft:creeper":1,"minecraft:skeleton":3,"minecraft:zombie":2,"ars_nouveau:wilden_stalker":1,"minecraft:cow":6},"minecraft:used":{"minecraft:amethyst_block":1,"minecraft:stone_sword":41,"quark:shale":6,"minecraft:wooden_pickaxe":22,"minecraft:torch":80,"minecraft:crafting_table":4,"justhammers:iron_hammer":231,"quark:spruce_chest":1,"minecraft:bread":2,"justhammers:stone_hammer":112,"minecraft:cobblestone":104,"minecraft:sweet_berries":10,"minecraft:furnace":8,"minecraft:cooked_beef":8},"minecraft:mined":{"minecraft:spruce_planks":3,"minecraft:crafting_table":1,"minecraft:grass_block":4,"minecraft:rose_bush":4,"minecraft:wall_torch":1,"minecraft:furnace":6,"minecraft:sweet_berry_bush":1,"minecraft:lilac":1,"minecraft:spruce_log":6,"biomesoplenty:fir_log":9,"minecraft:grass":4,"quark:spruce_chest":1,"minecraft:dirt":6,"minecraft:cobweb":4,"minecraft:spruce_wood":4,"minecraft:stone":14,"minecraft:fern":1}},"DataVersion":2975}