{"stats":{"minecraft:custom":{"minecraft:mob_kills":81,"minecraft:interact_with_crafting_table":38,"minecraft:open_barrel":5,"minecraft:bell_ring":7,"minecraft:leave_game":1,"minecraft:time_since_death":34256,"minecraft:climb_one_cm":984,"minecraft:sprint_one_cm":879001,"minecraft:walk_one_cm":1062308,"minecraft:drop":121,"minecraft:damage_dealt_absorbed":341,"minecraft:play_time":174486,"minecraft:deaths":8,"minecraft:sneak_time":5559,"minecraft:walk_under_water_one_cm":81484,"minecraft:jump":3286,"minecraft:walk_on_water_one_cm":73183,"minecraft:total_world_time":174486,"minecraft:interact_with_furnace":58,"minecraft:interact_with_grindstone":3,"minecraft:time_since_rest":34283,"minecraft:waystone_activated":4,"minecraft:damage_taken":4695,"minecraft:damage_absorbed":40,"minecraft:damage_dealt":12055,"minecraft:player_kills":1,"minecraft:swim_one_cm":271332,"minecraft:fly_one_cm":933295,"minecraft:open_chest":13,"minecraft:crouch_one_cm":23016,"minecraft:fall_one_cm":66357},"minecraft:picked_up":{"sophisticatedbackpacks:gold_backpack":1,"cataclysm:void_scatter_arrow":3,"minecraft:crafting_table":6,"minecraft:wooden_pickaxe":1,"minecraft:gold_block":1,"minecraft:potion":1,"minecraft:brewing_stand":1,"minecraft:amethyst_block":23,"minecraft:string":9,"minecraft:raw_copper":49,"minecraft:cooked_salmon":8,"minecraft:cobbled_deepslate":14,"minecraft:cracked_stone_bricks":4,"quark:spruce_chest":1,"minecraft:detector_rail":6,"minecraft:spruce_planks":10,"minecraft:beef":27,"minecraft:rose_bush":9,"minecraft:calcite":12,"minecraft:iron_pickaxe":3,"minecraft:birch_sapling":6,"minecraft:furnace":19,"minecraft:tipped_arrow":1,"minecraft:stick":8,"minecraft:raw_iron":112,"minecraft:sandstone":30,"minecraft:stone":1,"quark:crab_shell":1,"minecraft:torch":5,"sophisticatedbackpacks:backpack":1,"epicfight:skillbook":2,"minecraft:porkchop":7,"minecraft:stone_button":5,"minecraft:diorite":23,"minecraft:redstone":174,"minecraft:tnt":1,"minecraft:andesite_wall":1,"minecraft:stone_sword":2,"minecraft:arrow":22,"minecraft:rotten_flesh":30,"minecraft:gold_ingot":4,"supplementaries:ash":3,"minecraft:snowball":37,"minecraft:rail":5,"minecraft:cobblestone":1919,"paraglider:paraglider":1,"minecraft:magma_block":15,"minecraft:feather":9,"minecraft:cooked_beef":1,"minecraft:andesite":122,"minecraft:salmon":27,"ars_nouveau:source_berry":46,"minecraft:leather":13,"biomesoplenty:fir_log":12,"ars_nouveau:wilden_wing":3,"minecraft:flint":6,"supplementaries:rope_arrow":3,"minecraft:tuff":5,"minecraft:oak_log":5,"supplementaries:flax_seeds":1,"minecraft:gunpowder":3,"quark:frog_leg":2,"minecraft:lapis_lazuli":54,"minecraft:dirt":120,"minecraft:bone":21,"minecraft:wheat_seeds":9,"minecraft:birch_wood":1,"minecraft:spruce_wood":8,"minecraft:iron_ingot":1,"minecraft:glowstone_dust":2,"minecraft:bamboo":25,"minecraft:powered_rail":12,"minecraft:oak_planks":4,"minecraft:smooth_basalt":9,"minecraft:sweet_berries":24,"quark:shale":18,"minecraft:gravel":3,"justhammers:iron_hammer":3,"minecraft:sand":18,"minecraft:spruce_log":6,"minecraft:spectral_arrow":6,"ars_nouveau:wilden_spike":1,"minecraft:polished_andesite":1,"minecraft:diamond":2,"waystones:waystone":2,"minecraft:granite":15,"minecraft:emerald":15,"minecraft:coal":128,"minecraft:sunflower":6,"quark:crimson_chest":1},"minecraft:crafted":{"minecraft:oak_planks":16,"minecraft:furnace":10,"minecraft:stone":9,"quark:spruce_chest":1,"minecraft:cooked_beef":14,"sophisticatedbackpacks:backpack":1,"minecraft:cooked_porkchop":4,"minecraft:crafting_table":5,"minecraft:spruce_planks":40,"minecraft:wooden_pickaxe":1,"minecraft:iron_sword":1,"minecraft:cooked_salmon":10,"kidnappers_delight:iron_stick":1,"minecraft:air":0,"biomesoplenty:fir_planks":4,"justhammers:iron_hammer":3,"justhammers:stone_hammer":2,"minecraft:stick":44,"minecraft:iron_ingot":14,"minecraft:stone_sword":1,"minecraft:torch":112},"minecraft:broken":{"minecraft:stone_sword":1,"justhammers:iron_hammer":4,"justhammers:stone_hammer":1},"minecraft:killed_by":{"minecraft:player":1,"minecraft:creeper":2,"ars_nouveau:wilden_stalker":1,"minecraft:skeleton":1,"ars_nouveau:wilden_guardian":1},"minecraft:dropped":{"biomesoplenty:fir_log":4,"minecraft:enchanted_book":1,"quark:crab_shell":1,"minecraft:wheat_seeds":1,"minecraft:cobblestone":1412,"minecraft:feather":12,"minecraft:spectral_arrow":4,"minecraft:amethyst_block":22,"minecraft:leather":5,"endrem:lost_eye":1,"minecraft:cracked_stone_bricks":4,"minecraft:activator_rail":3,"minecraft:rail":4,"minecraft:coal":7,"minecraft:stick":1,"minecraft:flint":6,"minecraft:dirt":42,"minecraft:diorite":13,"minecraft:rose_bush":9,"minecraft:cooked_salmon":5,"minecraft:snowball":5,"minecraft:iron_pickaxe":1,"minecraft:string":4,"ars_nouveau:wilden_wing":1,"minecraft:smooth_basalt":9,"minecraft:bone":4,"ars_nouveau:wilden_spike":1,"quark:frog_leg":1,"minecraft:detector_rail":6,"minecraft:cobbled_deepslate":14,"minecraft:tuff":5,"minecraft:raw_iron":6,"minecraft:rotten_flesh":5,"sophisticatedbackpacks:backpack":1,"quark:shale":12,"justhammers:stone_hammer":1,"supplementaries:flax_seeds":1,"supplementaries:ash":3,"minecraft:stone":4,"supplementaries:rope_arrow":2,"minecraft:gunpowder":2,"minecraft:andesite":121,"cataclysm:void_scatter_arrow":2,"minecraft:bamboo":8,"minecraft:powered_rail":12,"minecraft:wooden_pickaxe":1,"epicfight:skillbook":1},"minecraft:killed":{"minecraft:spider":5,"minecraft:skeleton":13,"minecraft:drowned":2,"minecraft:pig":4,"minecraft:salmon":17,"quark:frog":1,"minecraft:creeper":4,"ars_nouveau:wilden_guardian":1,"minecraft:zombie":21,"ars_nouveau:wilden_stalker":6,"minecraft:cow":11},"minecraft:used":{"minecraft:stone_sword":131,"quark:frog_leg":1,"quark:shale":6,"minecraft:iron_sword":98,"minecraft:cooked_salmon":11,"minecraft:rotten_flesh":1,"minecraft:torch":99,"minecraft:dirt":78,"minecraft:granite":15,"minecraft:andesite_wall":1,"quark:spruce_chest":1,"ars_nouveau:source_berry":70,"minecraft:magma_block":11,"minecraft:beef":3,"minecraft:sweet_berries":20,"minecraft:cooked_cod":2,"minecraft:furnace":13,"minecraft:gold_block":1,"minecraft:potato":1,"minecraft:cooked_beef":13,"minecraft:cooked_mutton":1,"epicfight:skillbook":2,"minecraft:diorite":3,"minecraft:amethyst_block":1,"minecraft:wooden_pickaxe":22,"minecraft:sandstone":16,"minecraft:golden_apple":1,"minecraft:golden_hoe":1,"minecraft:sand":16,"minecraft:crafting_table":9,"justhammers:iron_hammer":524,"waystones:waystone":1,"minecraft:bread":7,"minecraft:iron_pickaxe":143,"minecraft:gravel":3,"justhammers:stone_hammer":112,"minecraft:golden_leggings":1,"minecraft:cobblestone":207,"minecraft:porkchop":2,"minecraft:cooked_porkchop":4,"biomesoplenty:fir_log":2},"minecraft:mined":{"minecraft:spruce_planks":9,"minecraft:brewing_stand":1,"minecraft:glow_lichen":1,"minecraft:stone_button":1,"minecraft:grass_block":10,"minecraft:spruce_leaves":1,"ars_nouveau:sourceberry_bush":19,"minecraft:large_fern":11,"minecraft:magma_block":13,"minecraft:glowstone":1,"minecraft:furnace":11,"minecraft:iron_ore":25,"minecraft:gold_block":1,"minecraft:deepslate_iron_ore":1,"minecraft:packed_ice":2,"minecraft:spruce_wood":4,"minecraft:bamboo":1,"minecraft:stone":71,"minecraft:crafting_table":5,"minecraft:rose_bush":5,"minecraft:andesite_wall":1,"minecraft:cobblestone":1,"minecraft:wall_torch":1,"supplementaries:urn":2,"minecraft:sweet_berry_bush":1,"minecraft:ice":6,"minecraft:lilac":1,"minecraft:spruce_log":6,"minecraft:birch_leaves":4,"biomesoplenty:maple_leaves":1,"biomesoplenty:fir_log":9,"minecraft:grass":14,"minecraft:oak_log":1,"biomesoplenty:fir_leaves":1,"minecraft:sunflower":4,"quark:spruce_chest":1,"minecraft:gravel":3,"minecraft:dirt":12,"minecraft:cobweb":4,"quark:crimson_chest":1,"minecraft:fern":4}},"DataVersion":2975}