{"stats":{"minecraft:used":{"quark:ancient_tome":3,"quark:indigo_corundum":8,"minecraft:iron_shovel":146,"minecraft:shield":14,"minecraft:iron_sword":107,"minecraft:stone":528,"quark:indigo_corundum_cluster":1,"minecraft:rotten_flesh":74,"supplementaries:globe":1,"minecraft:mutton":3,"minecraft:carrot":9,"minecraft:tuff":50,"minecraft:music_disc_13":1,"minecraft:spruce_boat":1,"minecraft:glass":86,"wom:agony":159,"mowziesmobs:naga_fang_dagger":14,"biomesoplenty:cherry_planks":36,"minecraft:grass_block":2,"minecraft:polished_andesite_stairs":6,"wom:diamond_staff":2100,"minecraft:stone_bricks":488,"minecraft:item_frame":27,"minecraft:golden_sword":3,"quark:blossom_chest":5,"ars_nouveau:source_berry":10,"minecraft:magma_block":1,"minecraft:bow":22,"endrem:black_eye":1,"minecraft:sweet_berries":30,"minecraft:furnace":10,"minecraft:cooked_cod":10,"quark:blossom_ladder":8,"minecraft:egg":2,"minecraft:potato":10,"epicfight:skillbook":42,"minecraft:oak_planks":46,"minecraft:diorite":19,"minecraft:stone_pickaxe":393,"minecraft:ender_pearl":1,"biomesoplenty:fir_planks":8,"minecraft:diamond_axe":347,"minecraft:dark_oak_trapdoor":23,"minecraft:golden_apple":9,"minecraft:glow_berries":9,"minecraft:sand":1,"minecraft:blast_furnace":8,"quark:blossom_boat":1,"minecraft:redstone_torch":7,"waystones:waystone":2,"minecraft:lever":2,"minecraft:dark_oak_log":81,"minecraft:stone_button":2,"minecraft:iron_door":1,"minecraft:bread":77,"kidnappers_delight:wooden_paddle":5,"minecraft:spore_blossom":3,"minecraft:gravel":15,"paraglider:kakariko_goddess_statue":3,"minecraft:diamond_sword":51,"minecraft:andesite":1,"minecraft:smooth_stone_slab":9,"minecraft:golden_pickaxe":32,"minecraft:oak_fence":9,"minecraft:flint_and_steel":2,"minecraft:armor_stand":10,"minecraft:spruce_planks":11,"minecraft:cooked_salmon":6,"supplementaries:sconce":2,"minecraft:cooked_chicken":5,"minecraft:torch":127,"minecraft:anvil":1,"minecraft:dirt":22,"minecraft:spyglass":44,"justhammers:gold_hammer":49,"kidnappers_delight:leather_whip":2,"minecraft:granite":24,"mowziesmobs:glowing_jelly":1,"minecraft:music_disc_mellohi":1,"minecraft:mossy_cobblestone_stairs":3,"minecraft:dark_oak_planks":777,"minecraft:flowering_azalea":1,"majruszsdifficulty:elder_guardian_treasure_bag":1,"minecraft:chipped_anvil":1,"minecraft:iron_axe":130,"minecraft:iron_boots":2,"minecraft:barrel":3,"epicfight:stone_greatsword":4,"minecraft:beef":11,"quark:blossom_planks":38,"supplementaries:statue":1,"minecraft:cooked_beef":34,"minecraft:cobbled_deepslate":159,"minecraft:iron_leggings":1,"quark:blossom_log":5,"minecraft:cooked_mutton":47,"minecraft:cobblestone_stairs":66,"minecraft:lead":5,"minecraft:polished_andesite":3,"minecraft:baked_potato":52,"minecraft:cartography_table":1,"minecraft:rail":16,"minecraft:tnt":14,"minecraft:crafting_table":16,"minecraft:white_bed":2,"minecraft:spruce_log":4,"minecraft:book":11,"justhammers:iron_hammer":1209,"minecraft:cod":4,"quark:violet_corundum":8,"minecraft:smoker":6,"minecraft:oak_log":60,"minecraft:apple":6,"majruszsdifficulty:undead_army_treasure_bag":1,"minecraft:iron_pickaxe":444,"minecraft:suspicious_stew":1,"justhammers:stone_hammer":348,"minecraft:stone_axe":40,"minecraft:enchanted_book":14,"quark:dark_oak_chest":30,"biomesoplenty:fir_door":1,"minecraft:fishing_rod":4,"minecraft:cobblestone":459,"minecraft:potion":1,"minecraft:porkchop":4,"minecraft:cooked_porkchop":22,"majruszsdifficulty:bandage":9,"minecraft:splash_potion":1,"minecraft:jukebox":3,"minecraft:smooth_stone":7},"minecraft:broken":{"minecraft:iron_shovel":1,"minecraft:golden_boots":1,"minecraft:leather_leggings":1,"justhammers:gold_hammer":1,"minecraft:golden_leggings":1,"minecraft:stone_pickaxe":3,"justhammers:stone_hammer":2,"minecraft:stone_axe":2,"justhammers:iron_hammer":8,"minecraft:iron_pickaxe":1,"minecraft:golden_pickaxe":1},"minecraft:picked_up":{"ars_nouveau:caster_tome":1,"minecraft:prismarine_shard":3,"minecraft:iron_chestplate":3,"minecraft:wheat":27,"minecraft:anvil":1,"minecraft:lead":33,"minecraft:diamond_sword":4,"ars_nouveau:pierce_arrow":28,"minecraft:enchanted_book":25,"minecraft:potion":9,"minecraft:golden_sword":1,"paraglider:goddess_statue":1,"minecraft:music_disc_cat":5,"minecraft:string":17,"minecraft:dark_oak_trapdoor":1,"minecraft:raw_copper":54,"minecraft:smooth_stone_slab":8,"minecraft:iron_leggings":4,"minecraft:armor_stand":9,"minecraft:purple_banner":1,"minecraft:beetroot":5,"minecraft:oak_sign":1,"minecraft:deepslate_tiles":1,"dynamictrees:dark_oak_seed":43,"minecraft:smooth_stone":13,"minecraft:gold_nugget":3,"minecraft:cobbled_deepslate":594,"minecraft:spruce_planks":12,"am:handcuffs":5,"minecraft:rose_bush":1,"grapplemod:grapplinghook":3,"minecraft:redstone_torch":5,"minecraft:calcite":18,"minecraft:iron_pickaxe":3,"dynamictrees:oak_seed":7,"minecraft:iron_boots":6,"minecraft:furnace":13,"mowziesmobs:naga_fang_dagger":2,"minecraft:golden_helmet":2,"minecraft:stick":224,"minecraft:jukebox":2,"am:clothes":3,"minecraft:torch":104,"minecraft:spruce_stairs":1,"paraglider:kakariko_goddess_statue":3,"epicfight:skillbook":50,"minecraft:porkchop":43,"quark:blossom_log":52,"sophisticatedbackpacks:stack_upgrade_tier_2":1,"minecraft:diorite":35,"quark:blossom_planks":41,"quark:ancient_tome":6,"quark:clear_shard":6,"minecraft:rotten_flesh":173,"minecraft:tropical_fish":3,"supplementaries:antique_ink":3,"minecraft:cyan_terracotta":12,"am:black_blindfold_mask":5,"quark:blossom_chest":5,"minecraft:white_terracotta":4,"supplementaries:quiver":1,"supplementaries:ash":11,"minecraft:obsidian":7,"minecraft:snowball":22,"minecraft:cod":28,"biomesoplenty:lavender":6,"minecraft:cobblestone":4888,"paraglider:paraglider":1,"wom:diamond_staff":2,"minecraft:magma_block":3,"epicfight:stone_spear":2,"minecraft:feather":29,"minecraft:cooked_beef":27,"minecraft:water_bucket":1,"minecraft:iron_door":1,"minecraft:andesite":283,"ars_nouveau:source_berry":6,"minecraft:brown_wool":1,"minecraft:golden_leggings":2,"minecraft:smoker":12,"minecraft:potato":29,"biomesoplenty:fir_sapling":1,"biomesoplenty:fir_log":2,"paraglider:spirit_orb":40,"minecraft:flint":14,"minecraft:tuff":203,"am:web_gag":2,"minecraft:lapis_lazuli":49,"minecraft:dirt":96,"minecraft:name_tag":3,"minecraft:bone":120,"minecraft:chipped_anvil":2,"minecraft:bow":7,"minecraft:wheat_seeds":80,"ars_nouveau:source_gem":2,"minecraft:raw_gold":19,"minecraft:honeycomb":11,"minecraft:oak_planks":13,"biomesoplenty:cherry_log":18,"biomesoplenty:toadstool":1,"endrem:lost_eye":1,"minecraft:cooked_porkchop":10,"minecraft:music_disc_13":2,"am:web":2,"minecraft:oak_pressure_plate":2,"justhammers:iron_hammer":1,"minecraft:sand":114,"biomesoplenty:white_cherry_sapling":12,"sophisticatedbackpacks:iron_backpack":4,"minecraft:ink_sac":2,"minecraft:grass_block":4,"minecraft:lily_of_the_valley":1,"minecraft:red_terracotta":3,"minecraft:spectral_arrow":2,"minecraft:dark_oak_log":403,"ars_nouveau:wilden_horn":8,"am:collar":2,"minecraft:barrel":3,"minecraft:mossy_cobblestone":32,"minecraft:polished_andesite":19,"minecraft:dispenser":1,"minecraft:diamond":6,"minecraft:lever":2,"waystones:waystone":3,"minecraft:granite":304,"minecraft:golden_apple":3,"minecraft:bread":10,"minecraft:emerald":12,"minecraft:netherrack":9,"quark:blossom_boat":1,"minecraft:fishing_rod":1,"biomesoplenty:redwood_log":3,"sophisticatedbackpacks:gold_backpack":2,"majruszsdifficulty:tattered_boots":1,"am:bite_gag":1,"minecraft:crafting_table":8,"minecraft:splash_potion":9,"minecraft:chicken":8,"minecraft:leather_leggings":1,"ars_nouveau:warp_scroll":1,"mowziesmobs:glowing_jelly":1,"minecraft:diamond_horse_armor":1,"minecraft:shield":1,"epicfight:stray_pants":2,"ars_nouveau:amplify_arrow":28,"biomesoplenty:fir_door":1,"supplementaries:globe":1,"minecraft:iron_axe":1,"minecraft:flint_and_steel":1,"supplementaries:statue":1,"minecraft:item_frame":10,"minecraft:iron_shovel":2,"quark:indigo_corundum":8,"minecraft:cartography_table":2,"minecraft:beef":52,"minecraft:music_disc_otherside":1,"ars_nouveau:starbuncle_shards":1,"minecraft:player_head":3,"minecraft:iron_nugget":38,"minecraft:poppy":2,"minecraft:spruce_slab":1,"quark:yellow_blossom_sapling":30,"minecraft:egg":3,"minecraft:raw_iron":33,"minecraft:stone":65,"quark:violet_corundum":8,"minecraft:copper_ingot":7,"minecraft:music_disc_mellohi":2,"wom:diamond_armbracelet":1,"minecraft:spruce_fence":1,"minecraft:stone_button":2,"minecraft:carrot":26,"minecraft:redstone":59,"minecraft:prismarine_crystals":5,"ars_nouveau:wixie_shards":2,"minecraft:dark_oak_planks":80,"minecraft:tnt":27,"minecraft:arrow":300,"minecraft:beetroot_seeds":15,"minecraft:hay_block":10,"majruszsdifficulty:soul_jar":1,"minecraft:gold_ingot":23,"quark:indigo_corundum_cluster":1,"sophisticatedbackpacks:copper_backpack":1,"minecraft:glow_berries":5,"minecraft:mutton":37,"minecraft:white_wool":21,"minecraft:bone_block":14,"minecraft:cracked_deepslate_tiles":1,"kidnappers_delight:wooden_paddle":1,"minecraft:glow_ink_sac":3,"minecraft:tripwire_hook":1,"biomesoplenty:fir_button":1,"minecraft:salmon":6,"minecraft:leather":24,"majruszsdifficulty:cloth":9,"ars_nouveau:wilden_wing":8,"quark:music_disc_rain":1,"minecraft:oak_log":101,"minecraft:golden_boots":1,"minecraft:gunpowder":40,"minecraft:cobblestone_stairs":1,"quark:forgotten_hat":2,"minecraft:cooked_mutton":35,"minecraft:apple":10,"minecraft:stone_bricks":65,"am:black_duct_tape_gag":2,"minecraft:rabbit_hide":8,"minecraft:spore_blossom":3,"minecraft:iron_ingot":68,"minecraft:cobweb":9,"sophisticatedbackpacks:smelting_upgrade":1,"minecraft:iron_sword":1,"minecraft:flowering_azalea":1,"minecraft:dark_oak_stairs":1,"sophisticatedbackpacks:diamond_backpack":1,"wom:agony":1,"minecraft:book":16,"minecraft:polished_andesite_stairs":10,"minecraft:smooth_basalt":59,"minecraft:dark_oak_slab":1,"endrem:black_eye":1,"minecraft:sweet_berries":6,"epicfight:stone_greatsword":3,"minecraft:quartz":60,"minecraft:dandelion":1,"minecraft:spyglass":2,"minecraft:gravel":65,"minecraft:spruce_sapling":1,"minecraft:blast_furnace":15,"majruszsdifficulty:bandage":7,"minecraft:white_bed":5,"minecraft:spruce_log":6,"am:black_ball_gag_strap":3,"minecraft:spider_eye":11,"mowziesmobs:naga_fang":1,"am:steel_key":1,"ars_nouveau:wilden_spike":1,"biomesoplenty:maple_sapling":23,"biomesoplenty:bramble":9,"am:black_duct_tape":4,"minecraft:stone_axe":2,"minecraft:chainmail_leggings":5,"minecraft:iron_helmet":3,"minecraft:diamond_axe":2,"minecraft:mossy_cobblestone_stairs":3,"am:black_ropes":1,"minecraft:baked_potato":7,"am:caution_duct_tape":4,"minecraft:black_wool":2,"minecraft:coal":306,"majruszsdifficulty:tattered_chestplate":1,"am:caution_duct_tape_gag":2,"minecraft:sunflower":1,"minecraft:ender_pearl":2},"minecraft:custom":{"minecraft:interact_with_crafting_table":82,"minecraft:open_barrel":44,"minecraft:bell_ring":11,"minecraft:leave_game":12,"minecraft:time_since_death":18546,"minecraft:sprint_one_cm":3107644,"minecraft:damage_blocked_by_shield":273,"minecraft:drop":261,"minecraft:talked_to_villager":1,"minecraft:play_time":906943,"minecraft:deaths":17,"minecraft:jump":8908,"minecraft:walk_on_water_one_cm":478884,"minecraft:interact_with_furnace":280,"minecraft:play_record":2,"minecraft:interact_with_cartography_table":3,"minecraft:sleep_in_bed":4,"minecraft:waystone_activated":5,"minecraft:damage_dealt":81063,"minecraft:crouch_one_cm":41210,"minecraft:interact_with_smoker":34,"minecraft:inspect_dispenser":1,"minecraft:interact_with_smithing_table":1,"minecraft:interact_with_anvil":9,"minecraft:mob_kills":447,"minecraft:damage_dealt_resisted":448,"minecraft:climb_one_cm":32575,"minecraft:walk_one_cm":5772857,"minecraft:damage_dealt_absorbed":303,"minecraft:sneak_time":14494,"minecraft:walk_under_water_one_cm":902554,"minecraft:boat_one_cm":123107,"minecraft:interact_with_blast_furnace":47,"minecraft:total_world_time":906943,"minecraft:tune_noteblock":22,"minecraft:interact_with_stonecutter":3,"minecraft:interact_with_grindstone":1,"minecraft:time_since_rest":18570,"minecraft:damage_absorbed":324,"minecraft:damage_taken":22169,"minecraft:swim_one_cm":1049930,"minecraft:fly_one_cm":3058556,"minecraft:open_chest":517,"minecraft:fall_one_cm":284505,"minecraft:fish_caught":2},"minecraft:killed_by":{"minecraft:creeper":1,"minecraft:vindicator":3,"minecraft:zombie":2,"minecraft:stray":1,"minecraft:skeleton":8},"minecraft:crafted":{"biomesoplenty:cherry_planks":72,"minecraft:smooth_stone":14,"minecraft:oak_planks":140,"minecraft:cooked_chicken":5,"minecraft:stone":1032,"minecraft:cobblestone_stairs":144,"minecraft:cooked_mutton":12,"minecraft:glass":93,"minecraft:rail":16,"minecraft:stone_bricks":440,"minecraft:oak_fence":15,"minecraft:item_frame":17,"quark:blossom_planks":116,"minecraft:cooked_porkchop":13,"minecraft:crafting_table":9,"minecraft:spruce_planks":8,"minecraft:baked_potato":38,"justhammers:gold_hammer":1,"quark:blossom_ladder":36,"biomesoplenty:fir_planks":8,"minecraft:stick":140,"minecraft:iron_ingot":29,"minecraft:iron_pickaxe":2,"am:collar":1,"minecraft:redstone_torch":30,"minecraft:fishing_rod":1,"minecraft:smooth_stone_slab":12,"minecraft:jukebox":1,"minecraft:iron_nugget":9,"minecraft:furnace":8,"minecraft:stone_button":1,"minecraft:dark_oak_trapdoor":22,"quark:blossom_chest":5,"quark:dark_oak_chest":30,"supplementaries:sconce":2,"wom:diamond_staff":1,"minecraft:stone_pickaxe":3,"minecraft:spruce_boat":1,"minecraft:dark_oak_planks":1168,"minecraft:cooked_beef":11,"minecraft:cooked_cod":10,"biomesoplenty:redwood_planks":12,"minecraft:cooked_salmon":1,"quark:blossom_boat":1,"minecraft:bread":12,"minecraft:air":0,"justhammers:iron_hammer":8,"minecraft:golden_apple":4,"justhammers:stone_hammer":4,"minecraft:iron_shovel":1,"minecraft:armor_stand":1,"minecraft:torch":192},"minecraft:dropped":{"sophisticatedbackpacks:iron_backpack":1,"minecraft:iron_sword":2,"minecraft:moss_block":5,"minecraft:dark_oak_stairs":1,"minecraft:oak_pressure_plate":2,"minecraft:cooked_beef":8,"minecraft:oak_log":6,"minecraft:baked_potato":1,"minecraft:glass_bottle":1,"minecraft:cooked_porkchop":19,"minecraft:dark_oak_slab":1,"minecraft:honeycomb":22,"minecraft:flint":10,"biomesoplenty:fir_sapling":1,"wom:diamond_staff":1,"minecraft:cobblestone_stairs":79,"mowziesmobs:naga_fang":1,"minecraft:cyan_terracotta":12,"minecraft:dirt":21,"minecraft:stone_button":1,"minecraft:cracked_deepslate_tiles":1,"minecraft:cooked_cod":3,"minecraft:snowball":22,"minecraft:wet_sponge":1,"minecraft:gold_nugget":3,"minecraft:bone_block":14,"minecraft:sand":12,"minecraft:dark_oak_planks":1,"minecraft:gravel":49,"biomesoplenty:toadstool":1,"dynamictrees:oak_seed":7,"minecraft:cobbled_deepslate":81,"minecraft:music_disc_otherside":1,"minecraft:wheat":1,"minecraft:purple_banner":1,"minecraft:rotten_flesh":26,"minecraft:oak_planks":6,"minecraft:carrot":1,"sophisticatedbackpacks:diamond_backpack":1,"minecraft:poppy":2,"justhammers:stone_hammer":2,"minecraft:deepslate_tiles":1,"minecraft:gunpowder":14,"minecraft:spruce_slab":1,"minecraft:arrow":1,"biomesoplenty:fir_button":1,"minecraft:wheat_seeds":4,"minecraft:golden_helmet":2,"minecraft:mossy_cobblestone":3,"minecraft:poisonous_potato":11,"dynamictrees:dark_oak_seed":13,"minecraft:cobblestone":1607,"minecraft:iron_helmet":4,"minecraft:oak_fence":6,"minecraft:feather":2,"grapplemod:grapplinghook":1,"minecraft:prismarine_crystals":3,"minecraft:granite":280,"quark:music_disc_rain":1,"epicfight:stone_spear":2,"minecraft:spruce_stairs":1,"minecraft:grass_block":1,"mowziesmobs:naga_fang_dagger":1,"minecraft:stick":2,"minecraft:polished_andesite":16,"minecraft:cobweb":9,"kidnappers_delight:wooden_paddle":1,"quark:clear_shard":6,"minecraft:diorite":16,"minecraft:ink_sac":2,"minecraft:torch":1,"epicfight:stone_greatsword":1,"minecraft:polished_andesite_stairs":4,"minecraft:smooth_stone":12,"minecraft:chainmail_leggings":4,"minecraft:iron_shovel":1,"minecraft:tripwire_hook":1,"minecraft:music_disc_cat":2,"ars_nouveau:wilden_wing":1,"epicfight:stray_pants":2,"minecraft:spruce_sapling":1,"minecraft:dandelion":1,"minecraft:redstone":6,"minecraft:player_head":1,"minecraft:bowl":1,"minecraft:tuff":34,"minecraft:iron_boots":2,"minecraft:smoker":4,"minecraft:white_terracotta":4,"minecraft:spruce_fence":1,"minecraft:red_terracotta":3,"minecraft:blast_furnace":5,"am:collar":2,"minecraft:filled_map":1,"minecraft:potato":4,"minecraft:stone":40,"minecraft:spruce_planks":1,"minecraft:iron_chestplate":2,"minecraft:andesite":276,"minecraft:spider_eye":7,"am:clothes":1,"minecraft:bow":6,"minecraft:magma_block":1,"epicfight:skillbook":7},"minecraft:killed":{"minecraft:cave_spider":2,"minecraft:spider":16,"minecraft:cod":11,"minecraft:skeleton":80,"minecraft:guardian":3,"minecraft:chicken":9,"minecraft:silverfish":5,"minecraft:wolf":1,"minecraft:parrot":2,"minecraft:pig":24,"minecraft:zombie_villager":2,"minecraft:elder_guardian":1,"majruszsdifficulty:tank":1,"minecraft:creeper":27,"minecraft:sheep":27,"mowziesmobs:lantern":1,"minecraft:pillager":14,"minecraft:zombie":137,"minecraft:stray":3,"minecraft:cow":23,"minecraft:vindicator":7,"minecraft:phantom":1,"ars_nouveau:summon_wolf":18,"minecraft:drowned":3,"ars_nouveau:wilden_guardian":1,"ars_nouveau:wilden_stalker":15,"ars_nouveau:whirlisprig":1,"ars_nouveau:wilden_hunter":9,"minecraft:enderman":6},"minecraft:mined":{"minecraft:dark_oak_planks":84,"minecraft:white_bed":3,"minecraft:spruce_planks":1,"biomesoplenty:cherry_log":20,"minecraft:farmland":1,"minecraft:granite":62,"biomesoplenty:bramble":10,"minecraft:grass_block":18,"minecraft:spawner":12,"minecraft:magma_block":2,"quark:blossom_chest":5,"minecraft:dark_oak_trapdoor":1,"minecraft:barrel":3,"minecraft:cobbled_deepslate":3,"biomesoplenty:lavender":7,"quark:blossom_planks":30,"supplementaries:globe":1,"minecraft:deepslate_lapis_ore":3,"minecraft:cave_vines":1,"biomesoplenty:redwood_log":3,"quark:indigo_corundum":9,"minecraft:player_head":1,"quark:violet_corundum":8,"minecraft:deepslate_redstone_ore":1,"minecraft:smoker":8,"supplementaries:book_pile":7,"minecraft:torch":3,"minecraft:blast_furnace":15,"minecraft:calcite":1,"quark:blossom_log":54,"minecraft:mushroom_stem":5,"minecraft:glass":2,"minecraft:cobblestone":99,"minecraft:oak_planks":3,"minecraft:iron_door":1,"minecraft:wall_torch":6,"minecraft:white_terracotta":4,"minecraft:wheat":27,"minecraft:lilac":1,"minecraft:jukebox":2,"paraglider:kakariko_goddess_statue":1,"biomesoplenty:fir_log":3,"minecraft:potted_poppy":1,"minecraft:smooth_stone_slab":8,"minecraft:tnt":1,"minecraft:grass":17,"dynamictrees:dark_oak_branch":33,"minecraft:beetroots":5,"minecraft:dirt":22,"minecraft:sand":110,"quark:indigo_corundum_cluster":1,"minecraft:oak_leaves":4,"minecraft:deepslate":3,"minecraft:tuff":41,"minecraft:mossy_cobblestone":8,"dynamictrees:birch_branch":174,"minecraft:dark_oak_log":7,"minecraft:sea_lantern":1,"minecraft:glow_lichen":1,"minecraft:lever":2,"minecraft:stone_button":2,"minecraft:spruce_leaves":5,"minecraft:cartography_table":2,"minecraft:hay_block":10,"dynamictrees:oak_leaves":3,"minecraft:spore_blossom":3,"minecraft:furnace":13,"minecraft:carrots":9,"minecraft:andesite":14,"dynamictrees:dark_oak_root":1,"dynamictrees:oak_branch":7,"minecraft:bookshelf":4,"minecraft:potatoes":7,"minecraft:vine":3,"pamhc2trees:pamapple":4,"biomesoplenty:barley":1,"minecraft:stone":414,"minecraft:redstone_wall_torch":5,"supplementaries:book_pile_horizontal":4,"minecraft:flowering_azalea":1,"minecraft:dandelion":1,"minecraft:crafting_table":8,"minecraft:rose_bush":1,"minecraft:copper_ore":2,"minecraft:tall_grass":1,"minecraft:deepslate_gold_ore":4,"minecraft:diorite":1,"supplementaries:urn":3,"minecraft:air":68,"minecraft:spruce_stairs":1,"minecraft:red_terracotta":3,"minecraft:coal_ore":28,"biomesoplenty:fir_leaves":14,"minecraft:gravel":79,"minecraft:stone_bricks":34,"minecraft:chipped_anvil":1,"minecraft:fern":3,"paraglider:goddess_statue":1}},"DataVersion":2975}