{"stats":{"minecraft:custom":{"minecraft:interact_with_furnace":28,"minecraft:mob_kills":10,"minecraft:interact_with_crafting_table":17,"minecraft:bell_ring":7,"minecraft:interact_with_grindstone":2,"minecraft:time_since_death":20253,"minecraft:time_since_rest":20281,"minecraft:sprint_one_cm":172627,"minecraft:damage_taken":440,"minecraft:walk_one_cm":262625,"minecraft:drop":18,"minecraft:damage_dealt":1468,"minecraft:damage_dealt_absorbed":40,"minecraft:fly_one_cm":119679,"minecraft:open_chest":6,"minecraft:crouch_one_cm":1624,"minecraft:play_time":40614,"minecraft:deaths":1,"minecraft:sneak_time":193,"minecraft:walk_under_water_one_cm":1117,"minecraft:jump":632,"minecraft:walk_on_water_one_cm":4260,"minecraft:total_world_time":40614,"minecraft:fall_one_cm":9804},"minecraft:picked_up":{"minecraft:crafting_table":1,"minecraft:feather":9,"minecraft:andesite":101,"minecraft:leather":4,"minecraft:wooden_pickaxe":1,"biomesoplenty:fir_log":9,"minecraft:dirt":30,"minecraft:raw_copper":35,"minecraft:bone":4,"minecraft:spruce_wood":4,"minecraft:beef":10,"minecraft:rose_bush":8,"minecraft:furnace":4,"minecraft:raw_iron":11,"minecraft:stone":1,"minecraft:sweet_berries":13,"quark:shale":18,"minecraft:torch":1,"justhammers:iron_hammer":1,"minecraft:spruce_log":6,"minecraft:arrow":4,"minecraft:coal":48,"minecraft:cobblestone":600},"minecraft:crafted":{"minecraft:cooked_beef":10,"minecraft:crafting_table":3,"minecraft:spruce_planks":40,"minecraft:wooden_pickaxe":1,"minecraft:furnace":3,"minecraft:stone":9,"minecraft:air":0,"biomesoplenty:fir_planks":4,"justhammers:stone_hammer":2,"minecraft:stick":32,"minecraft:stone_sword":1,"minecraft:torch":20},"minecraft:broken":{"justhammers:stone_hammer":1},"minecraft:killed_by":{"ars_nouveau:wilden_guardian":1},"minecraft:dropped":{"biomesoplenty:fir_log":4,"minecraft:raw_iron":6,"minecraft:feather":6,"minecraft:cobblestone":128,"quark:shale":6,"minecraft:coal":7,"justhammers:stone_hammer":1,"minecraft:dirt":9,"minecraft:andesite":38,"minecraft:rose_bush":4,"minecraft:wooden_pickaxe":1},"minecraft:killed":{"minecraft:skeleton":3,"minecraft:zombie":1,"minecraft:cow":6},"minecraft:used":{"minecraft:stone_sword":22,"quark:shale":6,"minecraft:wooden_pickaxe":20,"minecraft:torch":21,"minecraft:crafting_table":4,"justhammers:iron_hammer":58,"minecraft:bread":2,"justhammers:stone_hammer":112,"minecraft:cobblestone":32,"minecraft:sweet_berries":7,"minecraft:furnace":6,"minecraft:cooked_beef":3},"minecraft:mined":{"minecraft:spruce_planks":2,"minecraft:crafting_table":1,"minecraft:grass_block":4,"minecraft:rose_bush":4,"minecraft:furnace":4,"minecraft:sweet_berry_bush":1,"minecraft:lilac":1,"minecraft:spruce_log":6,"biomesoplenty:fir_log":9,"minecraft:grass":4,"minecraft:dirt":6,"minecraft:spruce_wood":4,"minecraft:stone":12,"minecraft:fern":1}},"DataVersion":2975}