{"stats":{"minecraft:custom":{"minecraft:mob_kills":33,"minecraft:interact_with_crafting_table":29,"minecraft:open_barrel":3,"minecraft:bell_ring":7,"minecraft:time_since_death":17566,"minecraft:climb_one_cm":984,"minecraft:sprint_one_cm":411275,"minecraft:walk_one_cm":564609,"minecraft:drop":87,"minecraft:damage_dealt_absorbed":40,"minecraft:play_time":88614,"minecraft:deaths":3,"minecraft:sneak_time":3422,"minecraft:walk_under_water_one_cm":48783,"minecraft:jump":1240,"minecraft:walk_on_water_one_cm":10194,"minecraft:total_world_time":88614,"minecraft:interact_with_furnace":43,"minecraft:interact_with_grindstone":2,"minecraft:time_since_rest":17591,"minecraft:damage_taken":1573,"minecraft:damage_dealt":3073,"minecraft:swim_one_cm":176188,"minecraft:fly_one_cm":226079,"minecraft:open_chest":10,"minecraft:crouch_one_cm":10413,"minecraft:fall_one_cm":21424},"minecraft:picked_up":{"cataclysm:void_scatter_arrow":3,"minecraft:crafting_table":4,"minecraft:wooden_pickaxe":1,"minecraft:potion":1,"minecraft:amethyst_block":23,"minecraft:string":6,"minecraft:raw_copper":49,"minecraft:cooked_salmon":2,"minecraft:cracked_stone_bricks":4,"quark:spruce_chest":1,"minecraft:detector_rail":6,"minecraft:cobbled_deepslate":14,"minecraft:spruce_planks":10,"minecraft:beef":10,"minecraft:rose_bush":8,"minecraft:calcite":12,"minecraft:iron_pickaxe":2,"minecraft:furnace":10,"minecraft:tipped_arrow":1,"minecraft:raw_iron":112,"minecraft:stick":5,"minecraft:stone":1,"minecraft:torch":5,"minecraft:diorite":23,"minecraft:redstone":174,"minecraft:arrow":10,"supplementaries:ash":3,"minecraft:snowball":35,"minecraft:rail":5,"minecraft:cobblestone":1661,"minecraft:magma_block":11,"minecraft:feather":9,"minecraft:andesite":122,"minecraft:salmon":17,"minecraft:leather":4,"biomesoplenty:fir_log":9,"ars_nouveau:wilden_wing":1,"minecraft:flint":6,"supplementaries:rope_arrow":3,"minecraft:tuff":5,"minecraft:oak_log":1,"supplementaries:flax_seeds":1,"minecraft:gunpowder":1,"minecraft:lapis_lazuli":29,"minecraft:dirt":41,"minecraft:bone":8,"minecraft:wheat_seeds":1,"minecraft:spruce_wood":4,"minecraft:iron_ingot":1,"minecraft:powered_rail":12,"minecraft:oak_planks":2,"minecraft:smooth_basalt":9,"minecraft:sweet_berries":21,"quark:shale":18,"justhammers:iron_hammer":2,"minecraft:spruce_log":6,"minecraft:spectral_arrow":6,"minecraft:granite":15,"minecraft:emerald":15,"minecraft:coal":88},"minecraft:crafted":{"minecraft:oak_planks":4,"minecraft:furnace":10,"minecraft:stone":9,"quark:spruce_chest":1,"minecraft:cooked_beef":10,"sophisticatedbackpacks:backpack":1,"minecraft:crafting_table":5,"minecraft:spruce_planks":40,"minecraft:wooden_pickaxe":1,"minecraft:cooked_salmon":5,"minecraft:air":0,"biomesoplenty:fir_planks":4,"justhammers:iron_hammer":2,"justhammers:stone_hammer":2,"minecraft:stick":44,"minecraft:iron_ingot":13,"minecraft:stone_sword":1,"minecraft:torch":80},"minecraft:broken":{"justhammers:iron_hammer":2,"justhammers:stone_hammer":1},"minecraft:killed_by":{"minecraft:skeleton":1,"ars_nouveau:wilden_guardian":1},"minecraft:dropped":{"biomesoplenty:fir_log":4,"minecraft:enchanted_book":1,"minecraft:wheat_seeds":1,"minecraft:cobblestone":1231,"minecraft:feather":12,"minecraft:spectral_arrow":4,"minecraft:amethyst_block":22,"minecraft:cracked_stone_bricks":4,"endrem:lost_eye":1,"minecraft:activator_rail":3,"minecraft:rail":4,"minecraft:coal":7,"minecraft:stick":1,"minecraft:flint":6,"minecraft:dirt":41,"minecraft:diorite":13,"minecraft:rose_bush":8,"minecraft:snowball":3,"minecraft:iron_pickaxe":1,"ars_nouveau:wilden_wing":1,"minecraft:smooth_basalt":9,"minecraft:detector_rail":6,"minecraft:cobbled_deepslate":14,"minecraft:tuff":5,"minecraft:raw_iron":6,"quark:shale":12,"justhammers:stone_hammer":1,"supplementaries:flax_seeds":1,"supplementaries:ash":3,"minecraft:stone":4,"supplementaries:rope_arrow":2,"minecraft:gunpowder":1,"minecraft:andesite":121,"cataclysm:void_scatter_arrow":2,"minecraft:powered_rail":12,"minecraft:wooden_pickaxe":1},"minecraft:killed":{"minecraft:spider":1,"minecraft:skeleton":3,"minecraft:salmon":17,"minecraft:creeper":2,"minecraft:zombie":2,"ars_nouveau:wilden_stalker":2,"minecraft:cow":6},"minecraft:used":{"minecraft:stone_sword":66,"quark:shale":6,"minecraft:cooked_salmon":4,"minecraft:torch":98,"minecraft:granite":15,"quark:spruce_chest":1,"minecraft:magma_block":8,"minecraft:sweet_berries":15,"minecraft:furnace":11,"minecraft:cooked_beef":8,"minecraft:diorite":3,"minecraft:amethyst_block":1,"minecraft:wooden_pickaxe":22,"minecraft:crafting_table":7,"justhammers:iron_hammer":328,"minecraft:bread":3,"minecraft:iron_pickaxe":101,"justhammers:stone_hammer":112,"minecraft:cobblestone":133},"minecraft:mined":{"minecraft:spruce_planks":9,"minecraft:glow_lichen":1,"minecraft:grass_block":5,"minecraft:magma_block":12,"minecraft:furnace":9,"minecraft:iron_ore":25,"minecraft:deepslate_iron_ore":1,"minecraft:packed_ice":1,"minecraft:spruce_wood":4,"minecraft:stone":61,"minecraft:crafting_table":4,"minecraft:rose_bush":4,"minecraft:wall_torch":1,"supplementaries:urn":2,"minecraft:sweet_berry_bush":1,"minecraft:lilac":1,"minecraft:spruce_log":6,"biomesoplenty:fir_log":9,"minecraft:grass":5,"minecraft:oak_log":1,"quark:spruce_chest":1,"minecraft:dirt":10,"minecraft:cobweb":4,"minecraft:fern":1}},"DataVersion":2975}