{"stats":{"minecraft:custom":{"minecraft:time_since_rest":16614,"minecraft:crouch_one_cm":1236,"minecraft:interact_with_furnace":9,"minecraft:play_time":16614,"minecraft:sprint_one_cm":30987,"minecraft:damage_taken":20,"minecraft:walk_one_cm":69902,"minecraft:sneak_time":159,"minecraft:drop":9,"minecraft:jump":147,"minecraft:time_since_death":16614,"minecraft:total_world_time":16614,"minecraft:interact_with_crafting_table":8,"minecraft:fall_one_cm":1521,"minecraft:fly_one_cm":20055},"minecraft:picked_up":{"biomesoplenty:fir_log":9,"minecraft:rose_bush":4,"minecraft:spruce_log":3,"minecraft:dirt":9,"minecraft:cobblestone":193,"minecraft:furnace":1},"minecraft:crafted":{"biomesoplenty:fir_planks":4,"minecraft:furnace":1,"minecraft:stone":6,"justhammers:stone_hammer":2,"minecraft:crafting_table":1,"minecraft:spruce_planks":12,"minecraft:stick":16,"minecraft:air":0,"minecraft:wooden_pickaxe":1},"minecraft:dropped":{"biomesoplenty:fir_log":4,"minecraft:cobblestone":64,"justhammers:stone_hammer":1},"minecraft:used":{"minecraft:cobblestone":11,"minecraft:crafting_table":1,"minecraft:furnace":1,"minecraft:wooden_pickaxe":13,"justhammers:stone_hammer":46},"minecraft:mined":{"minecraft:grass":4,"minecraft:grass_block":3,"minecraft:rose_bush":4,"minecraft:furnace":1,"minecraft:dirt":6,"minecraft:spruce_log":3,"minecraft:stone":12,"biomesoplenty:fir_log":9}},"DataVersion":2975}