{"stats":{"minecraft:custom":{"minecraft:time_since_rest":8281,"minecraft:interact_with_furnace":12,"minecraft:sprint_one_cm":123456,"minecraft:damage_taken":260,"minecraft:walk_one_cm":191817,"minecraft:mob_kills":7,"minecraft:drop":9,"minecraft:damage_dealt":858,"minecraft:damage_dealt_absorbed":20,"minecraft:interact_with_crafting_table":12,"minecraft:fly_one_cm":88364,"minecraft:open_chest":6,"minecraft:crouch_one_cm":1236,"minecraft:play_time":28614,"minecraft:deaths":1,"minecraft:sneak_time":159,"minecraft:bell_ring":7,"minecraft:jump":395,"minecraft:interact_with_grindstone":2,"minecraft:walk_on_water_one_cm":1427,"minecraft:time_since_death":8253,"minecraft:total_world_time":28614,"minecraft:fall_one_cm":6086},"minecraft:picked_up":{"minecraft:feather":3,"quark:shale":6,"minecraft:leather":4,"biomesoplenty:fir_log":9,"minecraft:spruce_log":6,"minecraft:dirt":9,"minecraft:raw_copper":35,"minecraft:spruce_wood":4,"minecraft:beef":10,"minecraft:rose_bush":4,"minecraft:coal":21,"minecraft:cobblestone":242,"minecraft:furnace":1},"minecraft:crafted":{"minecraft:cooked_beef":1,"biomesoplenty:fir_planks":4,"justhammers:stone_hammer":2,"minecraft:crafting_table":3,"minecraft:spruce_planks":40,"minecraft:stick":32,"minecraft:wooden_pickaxe":1,"minecraft:stone_sword":1,"minecraft:furnace":1,"minecraft:stone":6,"minecraft:air":0},"minecraft:killed_by":{"ars_nouveau:wilden_guardian":1},"minecraft:dropped":{"biomesoplenty:fir_log":4,"justhammers:stone_hammer":1,"minecraft:cobblestone":64},"minecraft:killed":{"minecraft:zombie":1,"minecraft:cow":6},"minecraft:used":{"minecraft:stone_sword":10,"minecraft:bread":2,"quark:shale":6,"minecraft:wooden_pickaxe":19,"justhammers:stone_hammer":75,"minecraft:cobblestone":12,"minecraft:crafting_table":3,"minecraft:furnace":2,"minecraft:cooked_beef":1},"minecraft:mined":{"minecraft:spruce_planks":2,"minecraft:furnace":1,"minecraft:lilac":1,"minecraft:spruce_log":6,"biomesoplenty:fir_log":9,"minecraft:grass":4,"minecraft:grass_block":3,"minecraft:rose_bush":4,"minecraft:dirt":6,"minecraft:spruce_wood":4,"minecraft:stone":12,"minecraft:fern":1}},"DataVersion":2975}