{
  "betterdungeons:root": {
    "criteria": {
      "always": "2024-10-05 01:49:02 +0000"
    },
    "done": true
  },
  "incendium:technical/using/trailblazer": {
    "criteria": {
      "log_spam_fixer": "2024-10-05 01:49:02 +0000"
    },
    "done": false
  },
  "minecraft:adventure/kill_a_mob": {
    "criteria": {
      "minecraft:zombie": "2024-10-06 00:52:33 +0000"
    },
    "done": true
  },
  "incendium:technical/scroll_of_returning": {
    "criteria": {
      "log_spam_fixer": "2024-10-05 01:49:02 +0000"
    },
    "done": false
  },
  "minecraft:story/obtain_armor": {
    "criteria": {
      "iron_helmet": "2024-10-06 13:10:05 +0000"
    },
    "done": true
  },
  "biomesoplenty:biomesoplenty/all_biomes": {
    "criteria": {
      "woodland": "2024-10-09 20:29:53 +0000",
      "shrubland": "2024-10-06 20:29:56 +0000",
      "highland": "2024-10-06 01:20:24 +0000",
      "clover_patch": "2024-10-06 21:14:15 +0000",
      "maple_woods": "2024-10-06 14:03:34 +0000",
      "field": "2024-10-05 01:49:20 +0000",
      "mediterranean_forest": "2024-10-09 20:32:03 +0000",
      "coniferous_forest": "2024-10-05 02:01:00 +0000",
      "forested_field": "2024-10-05 01:57:12 +0000",
      "spider_nest": "2024-10-06 01:24:28 +0000",
      "redwood_forest": "2024-10-06 20:27:10 +0000",
      "cherry_blossom_grove": "2024-10-06 21:13:36 +0000",
      "dune_beach": "2024-10-06 20:59:27 +0000",
      "pasture": "2024-10-09 21:48:43 +0000",
      "lavender_field": "2024-10-06 20:58:43 +0000",
      "fir_clearing": "2024-10-06 21:00:33 +0000",
      "grassland": "2024-10-07 00:32:32 +0000",
      "snowy_coniferous_forest": "2024-10-06 16:37:15 +0000",
      "snowy_fir_clearing": "2024-10-06 15:29:09 +0000",
      "tundra": "2024-10-06 16:05:46 +0000",
      "glowing_grotto": "2024-10-06 01:25:06 +0000",
      "crag": "2024-10-06 01:24:27 +0000",
      "ominous_woods": "2024-10-06 21:39:48 +0000"
    },
    "done": false
  },
  "minecraft:story/mine_stone": {
    "criteria": {
      "get_stone": "2024-10-05 01:52:45 +0000"
    },
    "done": true
  },
  "majruszsdifficulty:progressive_difficulty/normal_mode": {
    "criteria": {
      "game_state": "2024-10-09 19:15:12 +0000"
    },
    "done": true
  },
  "majruszsdifficulty:progressive_difficulty/bleeding_inflicted": {
    "criteria": {
      "bleeding_applied": "2024-10-09 20:48:43 +0000"
    },
    "done": true
  },
  "minecraft:adventure/adventuring_time": {
    "criteria": {
      "minecraft:taiga": "2024-10-06 16:50:26 +0000",
      "minecraft:deep_ocean": "2024-10-06 18:55:21 +0000",
      "minecraft:frozen_river": "2024-10-06 15:29:40 +0000",
      "minecraft:sunflower_plains": "2024-10-07 00:46:26 +0000",
      "minecraft:birch_forest": "2024-10-06 19:00:57 +0000",
      "minecraft:beach": "2024-10-06 18:56:30 +0000",
      "minecraft:dark_forest": "2024-10-06 19:19:57 +0000",
      "minecraft:river": "2024-10-05 02:00:44 +0000",
      "minecraft:lukewarm_ocean": "2024-10-09 20:30:38 +0000",
      "minecraft:stony_shore": "2024-10-05 01:49:02 +0000",
      "minecraft:snowy_plains": "2024-10-06 15:33:18 +0000",
      "minecraft:dripstone_caves": "2024-10-06 20:09:35 +0000",
      "minecraft:grove": "2024-10-06 15:32:47 +0000",
      "minecraft:jagged_peaks": "2024-10-06 16:51:10 +0000",
      "minecraft:cold_ocean": "2024-10-06 21:22:09 +0000",
      "minecraft:forest": "2024-10-06 18:57:52 +0000",
      "minecraft:lush_caves": "2024-10-07 01:10:54 +0000",
      "minecraft:frozen_ocean": "2024-10-06 16:05:20 +0000",
      "minecraft:ocean": "2024-10-06 18:54:10 +0000",
      "minecraft:flower_forest": "2024-10-06 18:50:30 +0000",
      "minecraft:old_growth_birch_forest": "2024-10-06 19:03:57 +0000",
      "minecraft:meadow": "2024-10-07 00:41:42 +0000",
      "minecraft:plains": "2024-10-06 18:50:54 +0000"
    },
    "done": false
  },
  "minecraft:adventure/sleep_in_bed": {
    "criteria": {
      "slept_in_bed": "2024-10-06 01:05:55 +0000"
    },
    "done": true
  },
  "dungeons_arise:find_undead_pirate_ship": {
    "criteria": {
      "location0": "2024-10-09 22:16:21 +0000"
    },
    "done": true
  },
  "minecraft:story/lava_bucket": {
    "criteria": {
      "lava_bucket": "2024-10-06 21:42:13 +0000"
    },
    "done": true
  },
  "incendium:technical/using/ragnarok": {
    "criteria": {
      "log_spam_fixer": "2024-10-05 01:49:02 +0000"
    },
    "done": false
  },
  "minecraft:husbandry/root": {
    "criteria": {
      "consumed_item": "2024-10-05 01:56:40 +0000"
    },
    "done": true
  },
  "paraglider:paraglider": {
    "criteria": {
      "paraglider": "2024-10-07 01:08:40 +0000"
    },
    "done": true
  },
  "incendium:technical/new_player": {
    "criteria": {
      "requirement": "2024-10-05 01:49:02 +0000"
    },
    "done": true
  },
  "majruszsdifficulty:recipes/misc/tattered_armor": {
    "criteria": {
      "has_cloth": "2024-10-09 20:40:47 +0000"
    },
    "done": true
  },
  "dungeons_arise:find_fishing_hut": {
    "criteria": {
      "location0": "2024-10-09 22:29:02 +0000"
    },
    "done": true
  },
  "minecraft:adventure/root": {
    "criteria": {
      "killed_something": "2024-10-05 02:00:47 +0000"
    },
    "done": true
  },
  "mowziesmobs:root": {
    "criteria": {
      "custom_test_name": "2024-10-05 01:49:02 +0000"
    },
    "done": true
  },
  "dungeons_arise:find_illager_corsair_or_illager_galley": {
    "criteria": {
      "location0": "2024-10-09 21:38:20 +0000"
    },
    "done": true
  },
  "minecraft:story/deflect_arrow": {
    "criteria": {
      "deflected_projectile": "2024-10-06 16:40:47 +0000"
    },
    "done": true
  },
  "minecraft:adventure/shoot_arrow": {
    "criteria": {
      "shot_arrow": "2024-10-06 16:41:06 +0000"
    },
    "done": true
  },
  "betterdungeons:all_dungeons": {
    "criteria": {
      "in_better_zombie_dungeon": "2024-10-09 21:19:35 +0000",
      "in_better_spider_dungeon": "2024-10-07 00:46:22 +0000"
    },
    "done": false
  },
  "betterdungeons:zombie_dungeon": {
    "criteria": {
      "in_better_zombie_dungeon": "2024-10-09 21:19:35 +0000"
    },
    "done": true
  },
  "cataclysm:root": {
    "criteria": {
      "custom_test_name": "2024-10-05 01:49:02 +0000"
    },
    "done": true
  },
  "minecraft:adventure/kill_all_mobs": {
    "criteria": {
      "minecraft:pillager": "2024-10-06 16:34:25 +0000",
      "minecraft:skeleton": "2024-10-06 01:23:51 +0000",
      "minecraft:spider": "2024-10-06 01:23:14 +0000",
      "minecraft:creeper": "2024-10-06 12:38:25 +0000",
      "minecraft:phantom": "2024-10-06 19:38:30 +0000",
      "minecraft:witch": "2024-10-07 22:56:51 +0000",
      "minecraft:husk": "2024-10-09 20:43:34 +0000",
      "minecraft:cave_spider": "2024-10-06 13:54:58 +0000",
      "minecraft:piglin": "2024-10-09 22:13:20 +0000",
      "minecraft:enderman": "2024-10-06 13:20:10 +0000",
      "minecraft:silverfish": "2024-10-06 16:58:05 +0000",
      "minecraft:stray": "2024-10-09 20:44:48 +0000",
      "minecraft:zombie": "2024-10-06 00:52:33 +0000",
      "minecraft:drowned": "2024-10-06 15:38:33 +0000",
      "minecraft:zombie_villager": "2024-10-06 01:19:19 +0000"
    },
    "done": false
  },
  "endrem:main/lost_eye": {
    "criteria": {
      "lost_eye": "2024-10-06 20:06:01 +0000"
    },
    "done": true
  },
  "paraglider:pray_to_the_goddess": {
    "criteria": {
      "bargain": "2024-10-09 20:59:56 +0000"
    },
    "done": true
  },
  "dungeons_arise:wda_root": {
    "criteria": {
      "WDA": "2024-10-09 19:15:16 +0000"
    },
    "done": true
  },
  "minecraft:husbandry/balanced_diet": {
    "criteria": {
      "cooked_porkchop": "2024-10-06 18:17:56 +0000",
      "cooked_mutton": "2024-10-06 16:22:44 +0000",
      "sweet_berries": "2024-10-06 01:06:54 +0000",
      "cooked_beef": "2024-10-06 13:17:58 +0000",
      "baked_potato": "2024-10-06 13:20:21 +0000",
      "porkchop": "2024-10-06 19:30:07 +0000",
      "apple": "2024-10-06 16:41:29 +0000",
      "potato": "2024-10-06 18:06:56 +0000",
      "cooked_cod": "2024-10-09 20:27:38 +0000",
      "mutton": "2024-10-06 18:58:58 +0000",
      "bread": "2024-10-05 01:56:40 +0000",
      "golden_apple": "2024-10-06 20:10:04 +0000",
      "rotten_flesh": "2024-10-06 00:52:37 +0000",
      "cooked_chicken": "2024-10-06 21:37:48 +0000",
      "enchanted_golden_apple": "2024-10-06 18:59:53 +0000",
      "carrot": "2024-10-09 21:34:07 +0000"
    },
    "done": false
  },
  "minecraft:adventure/trade": {
    "criteria": {
      "traded": "2024-10-09 20:55:07 +0000"
    },
    "done": true
  },
  "endrem:main/root": {
    "criteria": {
      "lost_eye": "2024-10-06 20:06:01 +0000"
    },
    "done": true
  },
  "biomesoplenty:biomesoplenty/root": {
    "criteria": {
      "field": "2024-10-05 01:49:20 +0000"
    },
    "done": true
  },
  "minecraft:adventure/voluntary_exile": {
    "criteria": {
      "voluntary_exile": "2024-10-06 16:34:25 +0000"
    },
    "done": true
  },
  "majruszsdifficulty:progressive_difficulty/undead_army_treasure_bag": {
    "criteria": {
      "bag_opened": "2024-10-09 20:45:30 +0000"
    },
    "done": true
  },
  "minecraft:story/iron_tools": {
    "criteria": {
      "iron_pickaxe": "2024-10-06 01:31:24 +0000"
    },
    "done": true
  },
  "minecraft:story/mine_diamond": {
    "criteria": {
      "diamond": "2024-10-06 15:42:07 +0000"
    },
    "done": true
  },
  "minecraft:story/upgrade_tools": {
    "criteria": {
      "stone_pickaxe": "2024-10-06 00:52:26 +0000"
    },
    "done": true
  },
  "minecraft:story/root": {
    "criteria": {
      "crafting_table": "2024-10-05 01:50:40 +0000"
    },
    "done": true
  },
  "majruszsdifficulty:progressive_difficulty/undead_army": {
    "criteria": {
      "army_defeated": "2024-10-09 20:44:59 +0000"
    },
    "done": true
  },
  "dungeons_arise:find_giant_mushroom": {
    "criteria": {
      "location0": "2024-10-09 22:08:24 +0000"
    },
    "done": true
  },
  "paraglider:root": {
    "criteria": {
      "crafting_table": "2024-10-05 01:50:40 +0000"
    },
    "done": true
  },
  "minecraft:story/smelt_iron": {
    "criteria": {
      "iron": "2024-10-06 01:20:53 +0000"
    },
    "done": true
  },
  "supplementaries:adventure/way_sign": {
    "criteria": {
      "way_sign": "2024-10-06 13:36:09 +0000"
    },
    "done": true
  },
  "betterdungeons:spider_dungeon": {
    "criteria": {
      "in_better_spider_dungeon": "2024-10-07 00:46:22 +0000"
    },
    "done": true
  },
  "mowziesmobs:kill_naga": {
    "criteria": {
      "naga": "2024-10-06 19:10:04 +0000"
    },
    "done": true
  },
  "majruszsdifficulty:progressive_difficulty/bleeding": {
    "criteria": {
      "bleeding_applied": "2024-10-09 19:26:08 +0000"
    },
    "done": true
  },
  "incendium:technical/using/shield": {
    "criteria": {
      "log_spam_fixer": "2024-10-05 01:49:02 +0000"
    },
    "done": false
  },
  "minecraft:story/form_obsidian": {
    "criteria": {
      "obsidian": "2024-10-06 22:11:59 +0000"
    },
    "done": true
  },
  "dungeons_arise:find_mushroom_house": {
    "criteria": {
      "location0": "2024-10-09 22:13:09 +0000"
    },
    "done": true
  },
  "dungeons_arise:find_typhon": {
    "criteria": {
      "location0": "2024-10-09 21:11:43 +0000"
    },
    "done": true
  },
  "DataVersion": 2975
}