{
  "biomesoplenty:biomesoplenty/root": {
    "criteria": {
      "field": "2024-10-03 04:15:12 +0000"
    },
    "done": true
  },
  "betterdungeons:root": {
    "criteria": {
      "always": "2024-10-03 04:15:12 +0000"
    },
    "done": true
  },
  "incendium:technical/using/ragnarok": {
    "criteria": {
      "log_spam_fixer": "2024-10-03 04:15:12 +0000"
    },
    "done": false
  },
  "minecraft:husbandry/root": {
    "criteria": {
      "consumed_item": "2024-10-03 04:21:36 +0000"
    },
    "done": true
  },
  "minecraft:story/iron_tools": {
    "criteria": {
      "iron_pickaxe": "2024-10-03 04:50:58 +0000"
    },
    "done": true
  },
  "incendium:technical/using/trailblazer": {
    "criteria": {
      "log_spam_fixer": "2024-10-03 04:15:12 +0000"
    },
    "done": false
  },
  "minecraft:adventure/kill_a_mob": {
    "criteria": {
      "minecraft:skeleton": "2024-10-03 04:39:14 +0000"
    },
    "done": true
  },
  "cataclysm:root": {
    "criteria": {
      "custom_test_name": "2024-10-03 04:15:12 +0000"
    },
    "done": true
  },
  "minecraft:adventure/kill_all_mobs": {
    "criteria": {
      "minecraft:skeleton": "2024-10-03 04:39:14 +0000",
      "minecraft:zombie": "2024-10-03 04:57:20 +0000"
    },
    "done": false
  },
  "endrem:main/lost_eye": {
    "criteria": {
      "lost_eye": "2024-10-03 04:43:57 +0000"
    },
    "done": true
  },
  "incendium:technical/scroll_of_returning": {
    "criteria": {
      "log_spam_fixer": "2024-10-03 04:15:12 +0000"
    },
    "done": false
  },
  "incendium:technical/new_player": {
    "criteria": {
      "requirement": "2024-10-03 04:15:12 +0000"
    },
    "done": true
  },
  "minecraft:story/root": {
    "criteria": {
      "crafting_table": "2024-10-03 04:27:17 +0000"
    },
    "done": true
  },
  "minecraft:husbandry/balanced_diet": {
    "criteria": {
      "cooked_mutton": "2024-10-03 04:28:05 +0000",
      "sweet_berries": "2024-10-03 04:35:12 +0000",
      "cooked_beef": "2024-10-03 04:44:10 +0000",
      "potato": "2024-10-03 04:24:25 +0000",
      "pumpkin_pie": "2024-10-03 05:04:59 +0000",
      "bread": "2024-10-03 04:21:36 +0000"
    },
    "done": false
  },
  "paraglider:root": {
    "criteria": {
      "crafting_table": "2024-10-03 04:27:17 +0000"
    },
    "done": true
  },
  "minecraft:story/smelt_iron": {
    "criteria": {
      "iron": "2024-10-03 04:38:07 +0000"
    },
    "done": true
  },
  "minecraft:story/mine_stone": {
    "criteria": {
      "get_stone": "2024-10-03 04:16:47 +0000"
    },
    "done": true
  },
  "biomesoplenty:biomesoplenty/all_biomes": {
    "criteria": {
      "maple_woods": "2024-10-03 04:31:39 +0000",
      "field": "2024-10-03 04:15:12 +0000",
      "coniferous_forest": "2024-10-03 04:15:22 +0000",
      "snowy_maple_woods": "2024-10-03 04:21:04 +0000"
    },
    "done": false
  },
  "minecraft:adventure/root": {
    "criteria": {
      "killed_something": "2024-10-03 04:24:32 +0000"
    },
    "done": true
  },
  "mowziesmobs:root": {
    "criteria": {
      "custom_test_name": "2024-10-03 04:15:12 +0000"
    },
    "done": true
  },
  "incendium:technical/using/shield": {
    "criteria": {
      "log_spam_fixer": "2024-10-03 04:15:12 +0000"
    },
    "done": false
  },
  "endrem:main/root": {
    "criteria": {
      "lost_eye": "2024-10-03 04:43:57 +0000"
    },
    "done": true
  },
  "minecraft:adventure/adventuring_time": {
    "criteria": {
      "minecraft:taiga": "2024-10-03 04:25:49 +0000",
      "minecraft:frozen_river": "2024-10-03 04:21:21 +0000",
      "minecraft:beach": "2024-10-03 04:26:11 +0000",
      "minecraft:river": "2024-10-03 04:27:39 +0000",
      "minecraft:snowy_taiga": "2024-10-03 04:55:15 +0000",
      "minecraft:forest": "2024-10-03 04:25:48 +0000",
      "minecraft:frozen_ocean": "2024-10-03 04:34:37 +0000",
      "minecraft:snowy_beach": "2024-10-03 04:51:24 +0000"
    },
    "done": false
  },
  "DataVersion": 2975
}