{
  "biomesoplenty:biomesoplenty/root": {
    "criteria": {
      "coniferous_forest": "2024-10-03 04:06:41 +0000"
    },
    "done": true
  },
  "betterdungeons:root": {
    "criteria": {
      "always": "2024-10-03 04:06:41 +0000"
    },
    "done": true
  },
  "incendium:technical/using/ragnarok": {
    "criteria": {
      "log_spam_fixer": "2024-10-03 04:06:41 +0000"
    },
    "done": false
  },
  "minecraft:husbandry/root": {
    "criteria": {
      "consumed_item": "2024-10-03 04:23:21 +0000"
    },
    "done": true
  },
  "minecraft:story/iron_tools": {
    "criteria": {
      "iron_pickaxe": "2024-10-03 05:00:28 +0000"
    },
    "done": true
  },
  "incendium:technical/using/trailblazer": {
    "criteria": {
      "log_spam_fixer": "2024-10-03 04:06:41 +0000"
    },
    "done": false
  },
  "minecraft:adventure/kill_a_mob": {
    "criteria": {
      "minecraft:zombie": "2024-10-03 04:23:03 +0000"
    },
    "done": true
  },
  "cataclysm:root": {
    "criteria": {
      "custom_test_name": "2024-10-03 04:06:41 +0000"
    },
    "done": true
  },
  "minecraft:adventure/kill_all_mobs": {
    "criteria": {
      "minecraft:skeleton": "2024-10-03 04:30:53 +0000",
      "minecraft:spider": "2024-10-03 05:09:02 +0000",
      "minecraft:creeper": "2024-10-03 04:55:08 +0000",
      "minecraft:zombie": "2024-10-03 04:23:03 +0000"
    },
    "done": false
  },
  "minecraft:story/mine_diamond": {
    "criteria": {
      "diamond": "2024-10-03 05:46:13 +0000"
    },
    "done": true
  },
  "endrem:main/lost_eye": {
    "criteria": {
      "lost_eye": "2024-10-03 04:43:22 +0000"
    },
    "done": true
  },
  "incendium:technical/scroll_of_returning": {
    "criteria": {
      "log_spam_fixer": "2024-10-03 04:06:41 +0000"
    },
    "done": false
  },
  "incendium:technical/new_player": {
    "criteria": {
      "requirement": "2024-10-03 04:06:41 +0000"
    },
    "done": true
  },
  "minecraft:story/root": {
    "criteria": {
      "crafting_table": "2024-10-03 04:11:56 +0000"
    },
    "done": true
  },
  "minecraft:husbandry/balanced_diet": {
    "criteria": {
      "cooked_porkchop": "2024-10-03 05:35:54 +0000",
      "cooked_mutton": "2024-10-03 05:24:55 +0000",
      "sweet_berries": "2024-10-03 04:37:44 +0000",
      "cooked_beef": "2024-10-03 04:27:26 +0000",
      "porkchop": "2024-10-03 05:32:00 +0000",
      "bread": "2024-10-03 04:23:21 +0000",
      "rotten_flesh": "2024-10-03 05:24:55 +0000",
      "cooked_salmon": "2024-10-03 05:13:08 +0000"
    },
    "done": false
  },
  "paraglider:root": {
    "criteria": {
      "crafting_table": "2024-10-03 04:11:56 +0000"
    },
    "done": true
  },
  "minecraft:story/smelt_iron": {
    "criteria": {
      "iron": "2024-10-03 04:44:14 +0000"
    },
    "done": true
  },
  "minecraft:story/mine_stone": {
    "criteria": {
      "get_stone": "2024-10-03 04:12:46 +0000"
    },
    "done": true
  },
  "biomesoplenty:biomesoplenty/all_biomes": {
    "criteria": {
      "muskeg": "2024-10-03 05:31:07 +0000",
      "maple_woods": "2024-10-03 04:25:35 +0000",
      "field": "2024-10-03 04:07:41 +0000",
      "coniferous_forest": "2024-10-03 04:06:41 +0000",
      "fir_clearing": "2024-10-03 05:47:24 +0000",
      "snowy_fir_clearing": "2024-10-03 05:33:49 +0000",
      "tundra": "2024-10-03 05:47:14 +0000",
      "snowy_maple_woods": "2024-10-03 04:21:33 +0000"
    },
    "done": false
  },
  "minecraft:adventure/root": {
    "criteria": {
      "killed_something": "2024-10-03 04:23:03 +0000"
    },
    "done": true
  },
  "mowziesmobs:root": {
    "criteria": {
      "custom_test_name": "2024-10-03 04:06:41 +0000"
    },
    "done": true
  },
  "incendium:technical/using/shield": {
    "criteria": {
      "log_spam_fixer": "2024-10-03 04:06:41 +0000"
    },
    "done": false
  },
  "endrem:main/root": {
    "criteria": {
      "lost_eye": "2024-10-03 04:43:22 +0000"
    },
    "done": true
  },
  "minecraft:adventure/adventuring_time": {
    "criteria": {
      "minecraft:taiga": "2024-10-03 04:29:55 +0000",
      "minecraft:frozen_river": "2024-10-03 04:21:43 +0000",
      "minecraft:beach": "2024-10-03 04:28:26 +0000",
      "minecraft:river": "2024-10-03 05:22:37 +0000",
      "minecraft:snowy_plains": "2024-10-03 05:29:22 +0000",
      "minecraft:snowy_taiga": "2024-10-03 04:30:55 +0000",
      "minecraft:frozen_ocean": "2024-10-03 05:11:08 +0000",
      "minecraft:snowy_beach": "2024-10-03 04:24:59 +0000",
      "minecraft:windswept_gravelly_hills": "2024-10-03 05:47:57 +0000"
    },
    "done": false
  },
  "DataVersion": 2975
}