{
  "betterdungeons:root": {
    "criteria": {
      "always": "2024-10-06 16:25:42 +0000"
    },
    "done": true
  },
  "incendium:technical/on_block": {
    "criteria": {
      "log_spam_fixer": "2024-10-10 04:48:32 +0000"
    },
    "done": false
  },
  "incendium:technical/using/trailblazer": {
    "criteria": {
      "log_spam_fixer": "2024-10-06 16:25:42 +0000"
    },
    "done": false
  },
  "minecraft:adventure/kill_a_mob": {
    "criteria": {
      "minecraft:zombie": "2024-10-06 16:37:20 +0000"
    },
    "done": true
  },
  "incendium:technical/scroll_of_returning": {
    "criteria": {
      "log_spam_fixer": "2024-10-06 16:25:42 +0000"
    },
    "done": false
  },
  "incendium:technical/multiplex_crossbow": {
    "criteria": {
      "log_spam_fixer": "2024-10-10 04:48:32 +0000"
    },
    "done": false
  },
  "minecraft:story/obtain_armor": {
    "criteria": {
      "iron_leggings": "2024-10-06 16:32:55 +0000"
    },
    "done": true
  },
  "biomesoplenty:biomesoplenty/all_biomes": {
    "criteria": {
      "woodland": "2024-10-09 20:29:50 +0000",
      "shrubland": "2024-10-09 20:29:49 +0000",
      "highland": "2024-10-06 17:18:33 +0000",
      "clover_patch": "2024-10-06 21:58:12 +0000",
      "maple_woods": "2024-10-06 16:36:45 +0000",
      "field": "2024-10-06 16:26:38 +0000",
      "mediterranean_forest": "2024-10-09 20:31:55 +0000",
      "coniferous_forest": "2024-10-06 18:11:22 +0000",
      "forested_field": "2024-10-06 18:06:02 +0000",
      "redwood_forest": "2024-10-09 20:33:36 +0000",
      "cherry_blossom_grove": "2024-10-06 21:58:07 +0000",
      "dune_beach": "2024-10-09 21:38:04 +0000",
      "pasture": "2024-10-09 21:47:59 +0000",
      "lavender_field": "2024-10-09 20:32:11 +0000",
      "fir_clearing": "2024-10-09 22:11:20 +0000",
      "grassland": "2024-10-09 20:27:50 +0000",
      "prairie": "2024-10-10 03:53:34 +0000",
      "snowy_fir_clearing": "2024-10-06 16:27:47 +0000",
      "glowing_grotto": "2024-10-06 17:29:01 +0000",
      "crag": "2024-10-06 17:29:57 +0000",
      "ominous_woods": "2024-10-06 18:41:39 +0000"
    },
    "done": false
  },
  "minecraft:story/mine_stone": {
    "criteria": {
      "get_stone": "2024-10-06 16:33:49 +0000"
    },
    "done": true
  },
  "majruszsdifficulty:progressive_difficulty/normal_mode": {
    "criteria": {
      "game_state": "2024-10-09 19:50:14 +0000"
    },
    "done": true
  },
  "incendium:technical/firestorm": {
    "criteria": {
      "log_spam_fixer": "2024-10-10 04:48:32 +0000"
    },
    "done": false
  },
  "majruszsdifficulty:progressive_difficulty/bleeding_inflicted": {
    "criteria": {
      "bleeding_applied": "2024-10-09 21:38:39 +0000"
    },
    "done": true
  },
  "minecraft:adventure/adventuring_time": {
    "criteria": {
      "minecraft:deep_ocean": "2024-10-06 18:55:21 +0000",
      "minecraft:sunflower_plains": "2024-10-10 03:51:28 +0000",
      "minecraft:birch_forest": "2024-10-06 19:00:57 +0000",
      "minecraft:beach": "2024-10-06 18:13:18 +0000",
      "minecraft:dark_forest": "2024-10-06 20:23:51 +0000",
      "minecraft:river": "2024-10-06 18:05:58 +0000",
      "minecraft:lukewarm_ocean": "2024-10-09 20:30:37 +0000",
      "minecraft:stony_shore": "2024-10-06 16:25:42 +0000",
      "minecraft:dripstone_caves": "2024-10-07 00:27:59 +0000",
      "minecraft:grove": "2024-10-06 17:33:02 +0000",
      "minecraft:jagged_peaks": "2024-10-06 17:32:00 +0000",
      "minecraft:cold_ocean": "2024-10-06 18:43:10 +0000",
      "minecraft:forest": "2024-10-06 18:57:52 +0000",
      "minecraft:lush_caves": "2024-10-07 00:50:13 +0000",
      "minecraft:ocean": "2024-10-06 18:46:01 +0000",
      "minecraft:old_growth_spruce_taiga": "2024-10-09 21:06:05 +0000",
      "minecraft:deep_lukewarm_ocean": "2024-10-10 04:10:28 +0000",
      "minecraft:flower_forest": "2024-10-06 18:50:00 +0000",
      "minecraft:old_growth_birch_forest": "2024-10-06 19:03:40 +0000",
      "minecraft:plains": "2024-10-06 18:48:04 +0000"
    },
    "done": false
  },
  "supplementaries:husbandry/sus_stew": {
    "criteria": {
      "stew": "2024-10-09 21:46:18 +0000"
    },
    "done": true
  },
  "minecraft:adventure/sleep_in_bed": {
    "criteria": {
      "slept_in_bed": "2024-10-06 18:22:02 +0000"
    },
    "done": true
  },
  "dungeons_arise:find_undead_pirate_ship": {
    "criteria": {
      "location0": "2024-10-09 22:16:18 +0000"
    },
    "done": true
  },
  "majruszsdifficulty:progressive_difficulty/elder_guardian_treasure_bag": {
    "criteria": {
      "bag_opened": "2024-10-10 04:20:09 +0000"
    },
    "done": true
  },
  "incendium:technical/using/ragnarok": {
    "criteria": {
      "log_spam_fixer": "2024-10-06 16:25:42 +0000"
    },
    "done": false
  },
  "minecraft:husbandry/root": {
    "criteria": {
      "consumed_item": "2024-10-06 16:36:40 +0000"
    },
    "done": true
  },
  "paraglider:paraglider": {
    "criteria": {
      "paraglider": "2024-10-07 01:09:55 +0000"
    },
    "done": true
  },
  "incendium:technical/inventory/sentrys_wrath": {
    "criteria": {
      "log_spam_fixer": "2024-10-10 04:48:32 +0000"
    },
    "done": false
  },
  "incendium:technical/new_player": {
    "criteria": {
      "requirement": "2024-10-06 16:25:42 +0000"
    },
    "done": true
  },
  "majruszsdifficulty:recipes/misc/tattered_armor": {
    "criteria": {
      "has_cloth": "2024-10-09 20:41:29 +0000"
    },
    "done": true
  },
  "incendium:technical/holy_wrath": {
    "criteria": {
      "log_spam_fixer": "2024-10-10 04:48:32 +0000"
    },
    "done": false
  },
  "incendium:technical/inventory/firestorm": {
    "criteria": {
      "log_spam_fixer": "2024-10-10 04:48:32 +0000"
    },
    "done": false
  },
  "dungeons_arise:find_fishing_hut": {
    "criteria": {
      "location0": "2024-10-09 22:28:15 +0000"
    },
    "done": true
  },
  "minecraft:adventure/root": {
    "criteria": {
      "killed_something": "2024-10-06 16:37:20 +0000"
    },
    "done": true
  },
  "mowziesmobs:root": {
    "criteria": {
      "custom_test_name": "2024-10-06 16:25:42 +0000"
    },
    "done": true
  },
  "dungeons_arise:find_illager_corsair_or_illager_galley": {
    "criteria": {
      "location0": "2024-10-09 21:38:15 +0000"
    },
    "done": true
  },
  "minecraft:adventure/shoot_arrow": {
    "criteria": {
      "shot_arrow": "2024-10-06 16:42:14 +0000"
    },
    "done": true
  },
  "minecraft:story/deflect_arrow": {
    "criteria": {
      "deflected_projectile": "2024-10-06 17:37:06 +0000"
    },
    "done": true
  },
  "betterdungeons:all_dungeons": {
    "criteria": {
      "in_better_zombie_dungeon": "2024-10-09 21:20:30 +0000"
    },
    "done": false
  },
  "betterdungeons:zombie_dungeon": {
    "criteria": {
      "in_better_zombie_dungeon": "2024-10-09 21:20:30 +0000"
    },
    "done": true
  },
  "incendium:technical/on_kill": {
    "criteria": {
      "log_spam_fixer": "2024-10-10 04:48:32 +0000"
    },
    "done": false
  },
  "majruszsdifficulty:progressive_difficulty/bleeding_healed": {
    "criteria": {
      "bleeding_healed": "2024-10-09 21:03:58 +0000"
    },
    "done": true
  },
  "incendium:technical/on_player_hurt": {
    "criteria": {
      "log_spam_fixer": "2024-10-10 04:48:32 +0000"
    },
    "done": false
  },
  "cataclysm:root": {
    "criteria": {
      "custom_test_name": "2024-10-06 16:25:42 +0000"
    },
    "done": true
  },
  "minecraft:adventure/kill_all_mobs": {
    "criteria": {
      "minecraft:pillager": "2024-10-09 21:38:24 +0000",
      "minecraft:skeleton": "2024-10-06 16:40:06 +0000",
      "minecraft:elder_guardian": "2024-10-10 04:17:40 +0000",
      "minecraft:guardian": "2024-10-10 04:11:57 +0000",
      "minecraft:vindicator": "2024-10-09 21:38:44 +0000",
      "minecraft:spider": "2024-10-06 17:53:32 +0000",
      "minecraft:creeper": "2024-10-06 17:35:38 +0000",
      "minecraft:phantom": "2024-10-10 03:59:55 +0000",
      "minecraft:cave_spider": "2024-10-09 21:17:58 +0000",
      "minecraft:enderman": "2024-10-06 18:00:57 +0000",
      "minecraft:silverfish": "2024-10-09 22:18:03 +0000",
      "minecraft:stray": "2024-10-09 20:43:55 +0000",
      "minecraft:zombie": "2024-10-06 16:37:20 +0000",
      "minecraft:drowned": "2024-10-06 19:34:37 +0000",
      "minecraft:zombie_villager": "2024-10-06 17:39:03 +0000"
    },
    "done": false
  },
  "endrem:main/lost_eye": {
    "criteria": {
      "lost_eye": "2024-10-07 23:13:47 +0000"
    },
    "done": true
  },
  "minecraft:husbandry/fishy_business": {
    "criteria": {
      "cod": "2024-10-09 20:20:28 +0000"
    },
    "done": true
  },
  "majruszsdifficulty:recipes/misc/tattered_armor_to_cloth": {
    "criteria": {
      "has_tattered_armor": "2024-10-09 20:42:41 +0000"
    },
    "done": true
  },
  "paraglider:pray_to_the_goddess": {
    "criteria": {
      "bargain": "2024-10-09 20:59:37 +0000"
    },
    "done": true
  },
  "incendium:technical/sentrys_wrath": {
    "criteria": {
      "log_spam_fixer": "2024-10-10 04:48:32 +0000"
    },
    "done": false
  },
  "dungeons_arise:wda_root": {
    "criteria": {
      "WDA": "2024-10-09 19:50:15 +0000"
    },
    "done": true
  },
  "minecraft:husbandry/balanced_diet": {
    "criteria": {
      "cooked_porkchop": "2024-10-06 18:17:55 +0000",
      "cooked_mutton": "2024-10-06 16:36:40 +0000",
      "sweet_berries": "2024-10-06 20:33:52 +0000",
      "cooked_beef": "2024-10-06 18:20:18 +0000",
      "baked_potato": "2024-10-06 21:40:00 +0000",
      "beef": "2024-10-09 20:29:24 +0000",
      "porkchop": "2024-10-06 16:41:40 +0000",
      "apple": "2024-10-06 16:41:28 +0000",
      "potato": "2024-10-09 20:38:25 +0000",
      "cooked_cod": "2024-10-09 20:07:34 +0000",
      "mutton": "2024-10-06 19:01:20 +0000",
      "bread": "2024-10-06 17:43:18 +0000",
      "golden_apple": "2024-10-06 18:59:03 +0000",
      "rotten_flesh": "2024-10-06 16:43:32 +0000",
      "suspicious_stew": "2024-10-09 21:46:18 +0000",
      "glow_berries": "2024-10-07 00:59:05 +0000",
      "cooked_chicken": "2024-10-06 19:47:16 +0000",
      "mushroom_stew": "2024-10-10 04:42:29 +0000",
      "cod": "2024-10-06 20:05:06 +0000",
      "cooked_salmon": "2024-10-09 20:25:04 +0000",
      "carrot": "2024-10-09 21:28:51 +0000"
    },
    "done": false
  },
  "endrem:main/root": {
    "criteria": {
      "lost_eye": "2024-10-07 23:13:47 +0000"
    },
    "done": true
  },
  "biomesoplenty:biomesoplenty/root": {
    "criteria": {
      "field": "2024-10-06 16:26:38 +0000"
    },
    "done": true
  },
  "majruszsdifficulty:progressive_difficulty/undead_army_treasure_bag": {
    "criteria": {
      "bag_opened": "2024-10-09 20:46:37 +0000"
    },
    "done": true
  },
  "minecraft:story/iron_tools": {
    "criteria": {
      "iron_pickaxe": "2024-10-06 16:33:27 +0000"
    },
    "done": true
  },
  "minecraft:story/mine_diamond": {
    "criteria": {
      "diamond": "2024-10-06 17:33:56 +0000"
    },
    "done": true
  },
  "minecraft:story/upgrade_tools": {
    "criteria": {
      "stone_pickaxe": "2024-10-06 20:30:05 +0000"
    },
    "done": true
  },
  "minecraft:story/root": {
    "criteria": {
      "crafting_table": "2024-10-06 17:35:46 +0000"
    },
    "done": true
  },
  "majruszsdifficulty:progressive_difficulty/undead_army": {
    "criteria": {
      "army_defeated": "2024-10-09 20:44:59 +0000"
    },
    "done": true
  },
  "dungeons_arise:find_giant_mushroom": {
    "criteria": {
      "location0": "2024-10-09 22:08:25 +0000"
    },
    "done": true
  },
  "minecraft:story/smelt_iron": {
    "criteria": {
      "iron": "2024-10-06 16:33:41 +0000"
    },
    "done": true
  },
  "paraglider:root": {
    "criteria": {
      "crafting_table": "2024-10-06 17:35:46 +0000"
    },
    "done": true
  },
  "supplementaries:adventure/way_sign": {
    "criteria": {
      "way_sign": "2024-10-09 21:07:18 +0000"
    },
    "done": true
  },
  "mowziesmobs:kill_naga": {
    "criteria": {
      "naga": "2024-10-09 20:34:46 +0000"
    },
    "done": true
  },
  "majruszsdifficulty:progressive_difficulty/bleeding": {
    "criteria": {
      "bleeding_applied": "2024-10-09 20:05:56 +0000"
    },
    "done": true
  },
  "incendium:technical/using/shield": {
    "criteria": {
      "log_spam_fixer": "2024-10-06 16:25:42 +0000"
    },
    "done": false
  },
  "minecraft:story/form_obsidian": {
    "criteria": {
      "obsidian": "2024-10-09 20:36:59 +0000"
    },
    "done": true
  },
  "dungeons_arise:find_mushroom_house": {
    "criteria": {
      "location0": "2024-10-09 22:12:58 +0000"
    },
    "done": true
  },
  "endrem:main/black_eye": {
    "criteria": {
      "black_eye": "2024-10-09 21:54:10 +0000"
    },
    "done": true
  },
  "incendium:technical/on_inventory_change": {
    "criteria": {
      "log_spam_fixer": "2024-10-10 04:48:32 +0000"
    },
    "done": false
  },
  "dungeons_arise:find_typhon": {
    "criteria": {
      "location0": "2024-10-09 21:11:18 +0000"
    },
    "done": true
  },
  "DataVersion": 2975
}